date_day,year,quarter,quarter_name,month,month_name,month_short,year_month,week_of_year,day_of_month,day_of_week,day_name,day_short,is_weekend
2024-01-01 00:00:00,2024,1,Q1 2024,1,January,Jan,2024-01,1,1,1,Monday,Mon,false
2024-01-02 00:00:00,2024,1,Q1 2024,1,January,Jan,2024-01,1,2,2,Tuesday,Tue,false
2024-01-03 00:00:00,2024,1,Q1 2024,1,January,Jan,2024-01,1,3,3,Wednesday,Wed,false
2024-01-04 00:00:00,2024,1,Q1 2024,1,January,Jan,2024-01,1,4,4,Thursday,Thu,false
2024-01-05 00:00:00,2024,1,Q1 2024,1,January,Jan,2024-01,1,5,5,Friday,Fri,false
2024-01-06 00:00:00,2024,1,Q1 2024,1,January,Jan,2024-01,1,6,6,Saturday,Sat,true
2024-01-07 00:00:00,2024,1,Q1 2024,1,January,Jan,2024-01,1,7,0,Sunday,Sun,true
2024-01-08 00:00:00,2024,1,Q1 2024,1,January,Jan,2024-01,2,8,1,Monday,Mon,false
2024-01-09 00:00:00,2024,1,Q1 2024,1,January,Jan,2024-01,2,9,2,Tuesday,Tue,false
2024-01-10 00:00:00,2024,1,Q1 2024,1,January,Jan,2024-01,2,10,3,Wednesday,Wed,false
2024-01-11 00:00:00,2024,1,Q1 2024,1,January,Jan,2024-01,2,11,4,Thursday,Thu,false
2024-01-12 00:00:00,2024,1,Q1 2024,1,January,Jan,2024-01,2,12,5,Friday,Fri,false
2024-01-13 00:00:00,2024,1,Q1 2024,1,January,Jan,2024-01,2,13,6,Saturday,Sat,true
2024-01-14 00:00:00,2024,1,Q1 2024,1,January,Jan,2024-01,2,14,0,Sunday,Sun,true
2024-01-15 00:00:00,2024,1,Q1 2024,1,January,Jan,2024-01,3,15,1,Monday,Mon,false
2024-01-16 00:00:00,2024,1,Q1 2024,1,January,Jan,2024-01,3,16,2,Tuesday,Tue,false
2024-01-17 00:00:00,2024,1,Q1 2024,1,January,Jan,2024-01,3,17,3,Wednesday,Wed,false
2024-01-18 00:00:00,2024,1,Q1 2024,1,January,Jan,2024-01,3,18,4,Thursday,Thu,false
2024-01-19 00:00:00,2024,1,Q1 2024,1,January,Jan,2024-01,3,19,5,Friday,Fri,false
2024-01-20 00:00:00,2024,1,Q1 2024,1,January,Jan,2024-01,3,20,6,Saturday,Sat,true
2024-01-21 00:00:00,2024,1,Q1 2024,1,January,Jan,2024-01,3,21,0,Sunday,Sun,true
2024-01-22 00:00:00,2024,1,Q1 2024,1,January,Jan,2024-01,4,22,1,Monday,Mon,false
2024-01-23 00:00:00,2024,1,Q1 2024,1,January,Jan,2024-01,4,23,2,Tuesday,Tue,false
2024-01-24 00:00:00,2024,1,Q1 2024,1,January,Jan,2024-01,4,24,3,Wednesday,Wed,false
2024-01-25 00:00:00,2024,1,Q1 2024,1,January,Jan,2024-01,4,25,4,Thursday,Thu,false
2024-01-26 00:00:00,2024,1,Q1 2024,1,January,Jan,2024-01,4,26,5,Friday,Fri,false
2024-01-27 00:00:00,2024,1,Q1 2024,1,January,Jan,2024-01,4,27,6,Saturday,Sat,true
2024-01-28 00:00:00,2024,1,Q1 2024,1,January,Jan,2024-01,4,28,0,Sunday,Sun,true
2024-01-29 00:00:00,2024,1,Q1 2024,1,January,Jan,2024-01,5,29,1,Monday,Mon,false
2024-01-30 00:00:00,2024,1,Q1 2024,1,January,Jan,2024-01,5,30,2,Tuesday,Tue,false
2024-01-31 00:00:00,2024,1,Q1 2024,1,January,Jan,2024-01,5,31,3,Wednesday,Wed,false
2024-02-01 00:00:00,2024,1,Q1 2024,2,February,Feb,2024-02,5,1,4,Thursday,Thu,false
2024-02-02 00:00:00,2024,1,Q1 2024,2,February,Feb,2024-02,5,2,5,Friday,Fri,false
2024-02-03 00:00:00,2024,1,Q1 2024,2,February,Feb,2024-02,5,3,6,Saturday,Sat,true
2024-02-04 00:00:00,2024,1,Q1 2024,2,February,Feb,2024-02,5,4,0,Sunday,Sun,true
2024-02-05 00:00:00,2024,1,Q1 2024,2,February,Feb,2024-02,6,5,1,Monday,Mon,false
2024-02-06 00:00:00,2024,1,Q1 2024,2,February,Feb,2024-02,6,6,2,Tuesday,Tue,false
2024-02-07 00:00:00,2024,1,Q1 2024,2,February,Feb,2024-02,6,7,3,Wednesday,Wed,false
2024-02-08 00:00:00,2024,1,Q1 2024,2,February,Feb,2024-02,6,8,4,Thursday,Thu,false
2024-02-09 00:00:00,2024,1,Q1 2024,2,February,Feb,2024-02,6,9,5,Friday,Fri,false
2024-02-10 00:00:00,2024,1,Q1 2024,2,February,Feb,2024-02,6,10,6,Saturday,Sat,true
2024-02-11 00:00:00,2024,1,Q1 2024,2,February,Feb,2024-02,6,11,0,Sunday,Sun,true
2024-02-12 00:00:00,2024,1,Q1 2024,2,February,Feb,2024-02,7,12,1,Monday,Mon,false
2024-02-13 00:00:00,2024,1,Q1 2024,2,February,Feb,2024-02,7,13,2,Tuesday,Tue,false
2024-02-14 00:00:00,2024,1,Q1 2024,2,February,Feb,2024-02,7,14,3,Wednesday,Wed,false
2024-02-15 00:00:00,2024,1,Q1 2024,2,February,Feb,2024-02,7,15,4,Thursday,Thu,false
2024-02-16 00:00:00,2024,1,Q1 2024,2,February,Feb,2024-02,7,16,5,Friday,Fri,false
2024-02-17 00:00:00,2024,1,Q1 2024,2,February,Feb,2024-02,7,17,6,Saturday,Sat,true
2024-02-18 00:00:00,2024,1,Q1 2024,2,February,Feb,2024-02,7,18,0,Sunday,Sun,true
2024-02-19 00:00:00,2024,1,Q1 2024,2,February,Feb,2024-02,8,19,1,Monday,Mon,false
2024-02-20 00:00:00,2024,1,Q1 2024,2,February,Feb,2024-02,8,20,2,Tuesday,Tue,false
2024-02-21 00:00:00,2024,1,Q1 2024,2,February,Feb,2024-02,8,21,3,Wednesday,Wed,false
2024-02-22 00:00:00,2024,1,Q1 2024,2,February,Feb,2024-02,8,22,4,Thursday,Thu,false
2024-02-23 00:00:00,2024,1,Q1 2024,2,February,Feb,2024-02,8,23,5,Friday,Fri,false
2024-02-24 00:00:00,2024,1,Q1 2024,2,February,Feb,2024-02,8,24,6,Saturday,Sat,true
2024-02-25 00:00:00,2024,1,Q1 2024,2,February,Feb,2024-02,8,25,0,Sunday,Sun,true
2024-02-26 00:00:00,2024,1,Q1 2024,2,February,Feb,2024-02,9,26,1,Monday,Mon,false
2024-02-27 00:00:00,2024,1,Q1 2024,2,February,Feb,2024-02,9,27,2,Tuesday,Tue,false
2024-02-28 00:00:00,2024,1,Q1 2024,2,February,Feb,2024-02,9,28,3,Wednesday,Wed,false
2024-02-29 00:00:00,2024,1,Q1 2024,2,February,Feb,2024-02,9,29,4,Thursday,Thu,false
2024-03-01 00:00:00,2024,1,Q1 2024,3,March,Mar,2024-03,9,1,5,Friday,Fri,false
2024-03-02 00:00:00,2024,1,Q1 2024,3,March,Mar,2024-03,9,2,6,Saturday,Sat,true
2024-03-03 00:00:00,2024,1,Q1 2024,3,March,Mar,2024-03,9,3,0,Sunday,Sun,true
2024-03-04 00:00:00,2024,1,Q1 2024,3,March,Mar,2024-03,10,4,1,Monday,Mon,false
2024-03-05 00:00:00,2024,1,Q1 2024,3,March,Mar,2024-03,10,5,2,Tuesday,Tue,false
2024-03-06 00:00:00,2024,1,Q1 2024,3,March,Mar,2024-03,10,6,3,Wednesday,Wed,false
2024-03-07 00:00:00,2024,1,Q1 2024,3,March,Mar,2024-03,10,7,4,Thursday,Thu,false
2024-03-08 00:00:00,2024,1,Q1 2024,3,March,Mar,2024-03,10,8,5,Friday,Fri,false
2024-03-09 00:00:00,2024,1,Q1 2024,3,March,Mar,2024-03,10,9,6,Saturday,Sat,true
2024-03-10 00:00:00,2024,1,Q1 2024,3,March,Mar,2024-03,10,10,0,Sunday,Sun,true
2024-03-11 00:00:00,2024,1,Q1 2024,3,March,Mar,2024-03,11,11,1,Monday,Mon,false
2024-03-12 00:00:00,2024,1,Q1 2024,3,March,Mar,2024-03,11,12,2,Tuesday,Tue,false
2024-03-13 00:00:00,2024,1,Q1 2024,3,March,Mar,2024-03,11,13,3,Wednesday,Wed,false
2024-03-14 00:00:00,2024,1,Q1 2024,3,March,Mar,2024-03,11,14,4,Thursday,Thu,false
2024-03-15 00:00:00,2024,1,Q1 2024,3,March,Mar,2024-03,11,15,5,Friday,Fri,false
2024-03-16 00:00:00,2024,1,Q1 2024,3,March,Mar,2024-03,11,16,6,Saturday,Sat,true
2024-03-17 00:00:00,2024,1,Q1 2024,3,March,Mar,2024-03,11,17,0,Sunday,Sun,true
2024-03-18 00:00:00,2024,1,Q1 2024,3,March,Mar,2024-03,12,18,1,Monday,Mon,false
2024-03-19 00:00:00,2024,1,Q1 2024,3,March,Mar,2024-03,12,19,2,Tuesday,Tue,false
2024-03-20 00:00:00,2024,1,Q1 2024,3,March,Mar,2024-03,12,20,3,Wednesday,Wed,false
2024-03-21 00:00:00,2024,1,Q1 2024,3,March,Mar,2024-03,12,21,4,Thursday,Thu,false
2024-03-22 00:00:00,2024,1,Q1 2024,3,March,Mar,2024-03,12,22,5,Friday,Fri,false
2024-03-23 00:00:00,2024,1,Q1 2024,3,March,Mar,2024-03,12,23,6,Saturday,Sat,true
2024-03-24 00:00:00,2024,1,Q1 2024,3,March,Mar,2024-03,12,24,0,Sunday,Sun,true
2024-03-25 00:00:00,2024,1,Q1 2024,3,March,Mar,2024-03,13,25,1,Monday,Mon,false
2024-03-26 00:00:00,2024,1,Q1 2024,3,March,Mar,2024-03,13,26,2,Tuesday,Tue,false
2024-03-27 00:00:00,2024,1,Q1 2024,3,March,Mar,2024-03,13,27,3,Wednesday,Wed,false
2024-03-28 00:00:00,2024,1,Q1 2024,3,March,Mar,2024-03,13,28,4,Thursday,Thu,false
2024-03-29 00:00:00,2024,1,Q1 2024,3,March,Mar,2024-03,13,29,5,Friday,Fri,false
2024-03-30 00:00:00,2024,1,Q1 2024,3,March,Mar,2024-03,13,30,6,Saturday,Sat,true
2024-03-31 00:00:00,2024,1,Q1 2024,3,March,Mar,2024-03,13,31,0,Sunday,Sun,true
2024-04-01 00:00:00,2024,2,Q2 2024,4,April,Apr,2024-04,14,1,1,Monday,Mon,false
2024-04-02 00:00:00,2024,2,Q2 2024,4,April,Apr,2024-04,14,2,2,Tuesday,Tue,false
2024-04-03 00:00:00,2024,2,Q2 2024,4,April,Apr,2024-04,14,3,3,Wednesday,Wed,false
2024-04-04 00:00:00,2024,2,Q2 2024,4,April,Apr,2024-04,14,4,4,Thursday,Thu,false
2024-04-05 00:00:00,2024,2,Q2 2024,4,April,Apr,2024-04,14,5,5,Friday,Fri,false
2024-04-06 00:00:00,2024,2,Q2 2024,4,April,Apr,2024-04,14,6,6,Saturday,Sat,true
2024-04-07 00:00:00,2024,2,Q2 2024,4,April,Apr,2024-04,14,7,0,Sunday,Sun,true
2024-04-08 00:00:00,2024,2,Q2 2024,4,April,Apr,2024-04,15,8,1,Monday,Mon,false
2024-04-09 00:00:00,2024,2,Q2 2024,4,April,Apr,2024-04,15,9,2,Tuesday,Tue,false
2024-04-10 00:00:00,2024,2,Q2 2024,4,April,Apr,2024-04,15,10,3,Wednesday,Wed,false
2024-04-11 00:00:00,2024,2,Q2 2024,4,April,Apr,2024-04,15,11,4,Thursday,Thu,false
2024-04-12 00:00:00,2024,2,Q2 2024,4,April,Apr,2024-04,15,12,5,Friday,Fri,false
2024-04-13 00:00:00,2024,2,Q2 2024,4,April,Apr,2024-04,15,13,6,Saturday,Sat,true
2024-04-14 00:00:00,2024,2,Q2 2024,4,April,Apr,2024-04,15,14,0,Sunday,Sun,true
2024-04-15 00:00:00,2024,2,Q2 2024,4,April,Apr,2024-04,16,15,1,Monday,Mon,false
2024-04-16 00:00:00,2024,2,Q2 2024,4,April,Apr,2024-04,16,16,2,Tuesday,Tue,false
2024-04-17 00:00:00,2024,2,Q2 2024,4,April,Apr,2024-04,16,17,3,Wednesday,Wed,false
2024-04-18 00:00:00,2024,2,Q2 2024,4,April,Apr,2024-04,16,18,4,Thursday,Thu,false
2024-04-19 00:00:00,2024,2,Q2 2024,4,April,Apr,2024-04,16,19,5,Friday,Fri,false
2024-04-20 00:00:00,2024,2,Q2 2024,4,April,Apr,2024-04,16,20,6,Saturday,Sat,true
2024-04-21 00:00:00,2024,2,Q2 2024,4,April,Apr,2024-04,16,21,0,Sunday,Sun,true
2024-04-22 00:00:00,2024,2,Q2 2024,4,April,Apr,2024-04,17,22,1,Monday,Mon,false
2024-04-23 00:00:00,2024,2,Q2 2024,4,April,Apr,2024-04,17,23,2,Tuesday,Tue,false
2024-04-24 00:00:00,2024,2,Q2 2024,4,April,Apr,2024-04,17,24,3,Wednesday,Wed,false
2024-04-25 00:00:00,2024,2,Q2 2024,4,April,Apr,2024-04,17,25,4,Thursday,Thu,false
2024-04-26 00:00:00,2024,2,Q2 2024,4,April,Apr,2024-04,17,26,5,Friday,Fri,false
2024-04-27 00:00:00,2024,2,Q2 2024,4,April,Apr,2024-04,17,27,6,Saturday,Sat,true
2024-04-28 00:00:00,2024,2,Q2 2024,4,April,Apr,2024-04,17,28,0,Sunday,Sun,true
2024-04-29 00:00:00,2024,2,Q2 2024,4,April,Apr,2024-04,18,29,1,Monday,Mon,false
2024-04-30 00:00:00,2024,2,Q2 2024,4,April,Apr,2024-04,18,30,2,Tuesday,Tue,false
2024-05-01 00:00:00,2024,2,Q2 2024,5,May,May,2024-05,18,1,3,Wednesday,Wed,false
2024-05-02 00:00:00,2024,2,Q2 2024,5,May,May,2024-05,18,2,4,Thursday,Thu,false
2024-05-03 00:00:00,2024,2,Q2 2024,5,May,May,2024-05,18,3,5,Friday,Fri,false
2024-05-04 00:00:00,2024,2,Q2 2024,5,May,May,2024-05,18,4,6,Saturday,Sat,true
2024-05-05 00:00:00,2024,2,Q2 2024,5,May,May,2024-05,18,5,0,Sunday,Sun,true
2024-05-06 00:00:00,2024,2,Q2 2024,5,May,May,2024-05,19,6,1,Monday,Mon,false
2024-05-07 00:00:00,2024,2,Q2 2024,5,May,May,2024-05,19,7,2,Tuesday,Tue,false
2024-05-08 00:00:00,2024,2,Q2 2024,5,May,May,2024-05,19,8,3,Wednesday,Wed,false
2024-05-09 00:00:00,2024,2,Q2 2024,5,May,May,2024-05,19,9,4,Thursday,Thu,false
2024-05-10 00:00:00,2024,2,Q2 2024,5,May,May,2024-05,19,10,5,Friday,Fri,false
2024-05-11 00:00:00,2024,2,Q2 2024,5,May,May,2024-05,19,11,6,Saturday,Sat,true
2024-05-12 00:00:00,2024,2,Q2 2024,5,May,May,2024-05,19,12,0,Sunday,Sun,true
2024-05-13 00:00:00,2024,2,Q2 2024,5,May,May,2024-05,20,13,1,Monday,Mon,false
2024-05-14 00:00:00,2024,2,Q2 2024,5,May,May,2024-05,20,14,2,Tuesday,Tue,false
2024-05-15 00:00:00,2024,2,Q2 2024,5,May,May,2024-05,20,15,3,Wednesday,Wed,false
2024-05-16 00:00:00,2024,2,Q2 2024,5,May,May,2024-05,20,16,4,Thursday,Thu,false
2024-05-17 00:00:00,2024,2,Q2 2024,5,May,May,2024-05,20,17,5,Friday,Fri,false
2024-05-18 00:00:00,2024,2,Q2 2024,5,May,May,2024-05,20,18,6,Saturday,Sat,true
2024-05-19 00:00:00,2024,2,Q2 2024,5,May,May,2024-05,20,19,0,Sunday,Sun,true
2024-05-20 00:00:00,2024,2,Q2 2024,5,May,May,2024-05,21,20,1,Monday,Mon,false
2024-05-21 00:00:00,2024,2,Q2 2024,5,May,May,2024-05,21,21,2,Tuesday,Tue,false
2024-05-22 00:00:00,2024,2,Q2 2024,5,May,May,2024-05,21,22,3,Wednesday,Wed,false
2024-05-23 00:00:00,2024,2,Q2 2024,5,May,May,2024-05,21,23,4,Thursday,Thu,false
2024-05-24 00:00:00,2024,2,Q2 2024,5,May,May,2024-05,21,24,5,Friday,Fri,false
2024-05-25 00:00:00,2024,2,Q2 2024,5,May,May,2024-05,21,25,6,Saturday,Sat,true
2024-05-26 00:00:00,2024,2,Q2 2024,5,May,May,2024-05,21,26,0,Sunday,Sun,true
2024-05-27 00:00:00,2024,2,Q2 2024,5,May,May,2024-05,22,27,1,Monday,Mon,false
2024-05-28 00:00:00,2024,2,Q2 2024,5,May,May,2024-05,22,28,2,Tuesday,Tue,false
2024-05-29 00:00:00,2024,2,Q2 2024,5,May,May,2024-05,22,29,3,Wednesday,Wed,false
2024-05-30 00:00:00,2024,2,Q2 2024,5,May,May,2024-05,22,30,4,Thursday,Thu,false
2024-05-31 00:00:00,2024,2,Q2 2024,5,May,May,2024-05,22,31,5,Friday,Fri,false
2024-06-01 00:00:00,2024,2,Q2 2024,6,June,Jun,2024-06,22,1,6,Saturday,Sat,true
2024-06-02 00:00:00,2024,2,Q2 2024,6,June,Jun,2024-06,22,2,0,Sunday,Sun,true
2024-06-03 00:00:00,2024,2,Q2 2024,6,June,Jun,2024-06,23,3,1,Monday,Mon,false
2024-06-04 00:00:00,2024,2,Q2 2024,6,June,Jun,2024-06,23,4,2,Tuesday,Tue,false
2024-06-05 00:00:00,2024,2,Q2 2024,6,June,Jun,2024-06,23,5,3,Wednesday,Wed,false
2024-06-06 00:00:00,2024,2,Q2 2024,6,June,Jun,2024-06,23,6,4,Thursday,Thu,false
2024-06-07 00:00:00,2024,2,Q2 2024,6,June,Jun,2024-06,23,7,5,Friday,Fri,false
2024-06-08 00:00:00,2024,2,Q2 2024,6,June,Jun,2024-06,23,8,6,Saturday,Sat,true
2024-06-09 00:00:00,2024,2,Q2 2024,6,June,Jun,2024-06,23,9,0,Sunday,Sun,true
2024-06-10 00:00:00,2024,2,Q2 2024,6,June,Jun,2024-06,24,10,1,Monday,Mon,false
2024-06-11 00:00:00,2024,2,Q2 2024,6,June,Jun,2024-06,24,11,2,Tuesday,Tue,false
2024-06-12 00:00:00,2024,2,Q2 2024,6,June,Jun,2024-06,24,12,3,Wednesday,Wed,false
2024-06-13 00:00:00,2024,2,Q2 2024,6,June,Jun,2024-06,24,13,4,Thursday,Thu,false
2024-06-14 00:00:00,2024,2,Q2 2024,6,June,Jun,2024-06,24,14,5,Friday,Fri,false
2024-06-15 00:00:00,2024,2,Q2 2024,6,June,Jun,2024-06,24,15,6,Saturday,Sat,true
2024-06-16 00:00:00,2024,2,Q2 2024,6,June,Jun,2024-06,24,16,0,Sunday,Sun,true
2024-06-17 00:00:00,2024,2,Q2 2024,6,June,Jun,2024-06,25,17,1,Monday,Mon,false
2024-06-18 00:00:00,2024,2,Q2 2024,6,June,Jun,2024-06,25,18,2,Tuesday,Tue,false
2024-06-19 00:00:00,2024,2,Q2 2024,6,June,Jun,2024-06,25,19,3,Wednesday,Wed,false
2024-06-20 00:00:00,2024,2,Q2 2024,6,June,Jun,2024-06,25,20,4,Thursday,Thu,false
2024-06-21 00:00:00,2024,2,Q2 2024,6,June,Jun,2024-06,25,21,5,Friday,Fri,false
2024-06-22 00:00:00,2024,2,Q2 2024,6,June,Jun,2024-06,25,22,6,Saturday,Sat,true
2024-06-23 00:00:00,2024,2,Q2 2024,6,June,Jun,2024-06,25,23,0,Sunday,Sun,true
2024-06-24 00:00:00,2024,2,Q2 2024,6,June,Jun,2024-06,26,24,1,Monday,Mon,false
2024-06-25 00:00:00,2024,2,Q2 2024,6,June,Jun,2024-06,26,25,2,Tuesday,Tue,false
2024-06-26 00:00:00,2024,2,Q2 2024,6,June,Jun,2024-06,26,26,3,Wednesday,Wed,false
2024-06-27 00:00:00,2024,2,Q2 2024,6,June,Jun,2024-06,26,27,4,Thursday,Thu,false
2024-06-28 00:00:00,2024,2,Q2 2024,6,June,Jun,2024-06,26,28,5,Friday,Fri,false
2024-06-29 00:00:00,2024,2,Q2 2024,6,June,Jun,2024-06,26,29,6,Saturday,Sat,true
2024-06-30 00:00:00,2024,2,Q2 2024,6,June,Jun,2024-06,26,30,0,Sunday,Sun,true
2024-07-01 00:00:00,2024,3,Q3 2024,7,July,Jul,2024-07,27,1,1,Monday,Mon,false
2024-07-02 00:00:00,2024,3,Q3 2024,7,July,Jul,2024-07,27,2,2,Tuesday,Tue,false
2024-07-03 00:00:00,2024,3,Q3 2024,7,July,Jul,2024-07,27,3,3,Wednesday,Wed,false
2024-07-04 00:00:00,2024,3,Q3 2024,7,July,Jul,2024-07,27,4,4,Thursday,Thu,false
2024-07-05 00:00:00,2024,3,Q3 2024,7,July,Jul,2024-07,27,5,5,Friday,Fri,false
2024-07-06 00:00:00,2024,3,Q3 2024,7,July,Jul,2024-07,27,6,6,Saturday,Sat,true
2024-07-07 00:00:00,2024,3,Q3 2024,7,July,Jul,2024-07,27,7,0,Sunday,Sun,true
2024-07-08 00:00:00,2024,3,Q3 2024,7,July,Jul,2024-07,28,8,1,Monday,Mon,false
2024-07-09 00:00:00,2024,3,Q3 2024,7,July,Jul,2024-07,28,9,2,Tuesday,Tue,false
2024-07-10 00:00:00,2024,3,Q3 2024,7,July,Jul,2024-07,28,10,3,Wednesday,Wed,false
2024-07-11 00:00:00,2024,3,Q3 2024,7,July,Jul,2024-07,28,11,4,Thursday,Thu,false
2024-07-12 00:00:00,2024,3,Q3 2024,7,July,Jul,2024-07,28,12,5,Friday,Fri,false
2024-07-13 00:00:00,2024,3,Q3 2024,7,July,Jul,2024-07,28,13,6,Saturday,Sat,true
2024-07-14 00:00:00,2024,3,Q3 2024,7,July,Jul,2024-07,28,14,0,Sunday,Sun,true
2024-07-15 00:00:00,2024,3,Q3 2024,7,July,Jul,2024-07,29,15,1,Monday,Mon,false
2024-07-16 00:00:00,2024,3,Q3 2024,7,July,Jul,2024-07,29,16,2,Tuesday,Tue,false
2024-07-17 00:00:00,2024,3,Q3 2024,7,July,Jul,2024-07,29,17,3,Wednesday,Wed,false
2024-07-18 00:00:00,2024,3,Q3 2024,7,July,Jul,2024-07,29,18,4,Thursday,Thu,false
2024-07-19 00:00:00,2024,3,Q3 2024,7,July,Jul,2024-07,29,19,5,Friday,Fri,false
2024-07-20 00:00:00,2024,3,Q3 2024,7,July,Jul,2024-07,29,20,6,Saturday,Sat,true
2024-07-21 00:00:00,2024,3,Q3 2024,7,July,Jul,2024-07,29,21,0,Sunday,Sun,true
2024-07-22 00:00:00,2024,3,Q3 2024,7,July,Jul,2024-07,30,22,1,Monday,Mon,false
2024-07-23 00:00:00,2024,3,Q3 2024,7,July,Jul,2024-07,30,23,2,Tuesday,Tue,false
2024-07-24 00:00:00,2024,3,Q3 2024,7,July,Jul,2024-07,30,24,3,Wednesday,Wed,false
2024-07-25 00:00:00,2024,3,Q3 2024,7,July,Jul,2024-07,30,25,4,Thursday,Thu,false
2024-07-26 00:00:00,2024,3,Q3 2024,7,July,Jul,2024-07,30,26,5,Friday,Fri,false
2024-07-27 00:00:00,2024,3,Q3 2024,7,July,Jul,2024-07,30,27,6,Saturday,Sat,true
2024-07-28 00:00:00,2024,3,Q3 2024,7,July,Jul,2024-07,30,28,0,Sunday,Sun,true
2024-07-29 00:00:00,2024,3,Q3 2024,7,July,Jul,2024-07,31,29,1,Monday,Mon,false
2024-07-30 00:00:00,2024,3,Q3 2024,7,July,Jul,2024-07,31,30,2,Tuesday,Tue,false
2024-07-31 00:00:00,2024,3,Q3 2024,7,July,Jul,2024-07,31,31,3,Wednesday,Wed,false
2024-08-01 00:00:00,2024,3,Q3 2024,8,August,Aug,2024-08,31,1,4,Thursday,Thu,false
2024-08-02 00:00:00,2024,3,Q3 2024,8,August,Aug,2024-08,31,2,5,Friday,Fri,false
2024-08-03 00:00:00,2024,3,Q3 2024,8,August,Aug,2024-08,31,3,6,Saturday,Sat,true
2024-08-04 00:00:00,2024,3,Q3 2024,8,August,Aug,2024-08,31,4,0,Sunday,Sun,true
2024-08-05 00:00:00,2024,3,Q3 2024,8,August,Aug,2024-08,32,5,1,Monday,Mon,false
2024-08-06 00:00:00,2024,3,Q3 2024,8,August,Aug,2024-08,32,6,2,Tuesday,Tue,false
2024-08-07 00:00:00,2024,3,Q3 2024,8,August,Aug,2024-08,32,7,3,Wednesday,Wed,false
2024-08-08 00:00:00,2024,3,Q3 2024,8,August,Aug,2024-08,32,8,4,Thursday,Thu,false
2024-08-09 00:00:00,2024,3,Q3 2024,8,August,Aug,2024-08,32,9,5,Friday,Fri,false
2024-08-10 00:00:00,2024,3,Q3 2024,8,August,Aug,2024-08,32,10,6,Saturday,Sat,true
2024-08-11 00:00:00,2024,3,Q3 2024,8,August,Aug,2024-08,32,11,0,Sunday,Sun,true
2024-08-12 00:00:00,2024,3,Q3 2024,8,August,Aug,2024-08,33,12,1,Monday,Mon,false
2024-08-13 00:00:00,2024,3,Q3 2024,8,August,Aug,2024-08,33,13,2,Tuesday,Tue,false
2024-08-14 00:00:00,2024,3,Q3 2024,8,August,Aug,2024-08,33,14,3,Wednesday,Wed,false
2024-08-15 00:00:00,2024,3,Q3 2024,8,August,Aug,2024-08,33,15,4,Thursday,Thu,false
2024-08-16 00:00:00,2024,3,Q3 2024,8,August,Aug,2024-08,33,16,5,Friday,Fri,false
2024-08-17 00:00:00,2024,3,Q3 2024,8,August,Aug,2024-08,33,17,6,Saturday,Sat,true
2024-08-18 00:00:00,2024,3,Q3 2024,8,August,Aug,2024-08,33,18,0,Sunday,Sun,true
2024-08-19 00:00:00,2024,3,Q3 2024,8,August,Aug,2024-08,34,19,1,Monday,Mon,false
2024-08-20 00:00:00,2024,3,Q3 2024,8,August,Aug,2024-08,34,20,2,Tuesday,Tue,false
2024-08-21 00:00:00,2024,3,Q3 2024,8,August,Aug,2024-08,34,21,3,Wednesday,Wed,false
2024-08-22 00:00:00,2024,3,Q3 2024,8,August,Aug,2024-08,34,22,4,Thursday,Thu,false
2024-08-23 00:00:00,2024,3,Q3 2024,8,August,Aug,2024-08,34,23,5,Friday,Fri,false
2024-08-24 00:00:00,2024,3,Q3 2024,8,August,Aug,2024-08,34,24,6,Saturday,Sat,true
2024-08-25 00:00:00,2024,3,Q3 2024,8,August,Aug,2024-08,34,25,0,Sunday,Sun,true
2024-08-26 00:00:00,2024,3,Q3 2024,8,August,Aug,2024-08,35,26,1,Monday,Mon,false
2024-08-27 00:00:00,2024,3,Q3 2024,8,August,Aug,2024-08,35,27,2,Tuesday,Tue,false
2024-08-28 00:00:00,2024,3,Q3 2024,8,August,Aug,2024-08,35,28,3,Wednesday,Wed,false
2024-08-29 00:00:00,2024,3,Q3 2024,8,August,Aug,2024-08,35,29,4,Thursday,Thu,false
2024-08-30 00:00:00,2024,3,Q3 2024,8,August,Aug,2024-08,35,30,5,Friday,Fri,false
2024-08-31 00:00:00,2024,3,Q3 2024,8,August,Aug,2024-08,35,31,6,Saturday,Sat,true
2024-09-01 00:00:00,2024,3,Q3 2024,9,September,Sep,2024-09,35,1,0,Sunday,Sun,true
2024-09-02 00:00:00,2024,3,Q3 2024,9,September,Sep,2024-09,36,2,1,Monday,Mon,false
2024-09-03 00:00:00,2024,3,Q3 2024,9,September,Sep,2024-09,36,3,2,Tuesday,Tue,false
2024-09-04 00:00:00,2024,3,Q3 2024,9,September,Sep,2024-09,36,4,3,Wednesday,Wed,false
2024-09-05 00:00:00,2024,3,Q3 2024,9,September,Sep,2024-09,36,5,4,Thursday,Thu,false
2024-09-06 00:00:00,2024,3,Q3 2024,9,September,Sep,2024-09,36,6,5,Friday,Fri,false
2024-09-07 00:00:00,2024,3,Q3 2024,9,September,Sep,2024-09,36,7,6,Saturday,Sat,true
2024-09-08 00:00:00,2024,3,Q3 2024,9,September,Sep,2024-09,36,8,0,Sunday,Sun,true
2024-09-09 00:00:00,2024,3,Q3 2024,9,September,Sep,2024-09,37,9,1,Monday,Mon,false
2024-09-10 00:00:00,2024,3,Q3 2024,9,September,Sep,2024-09,37,10,2,Tuesday,Tue,false
2024-09-11 00:00:00,2024,3,Q3 2024,9,September,Sep,2024-09,37,11,3,Wednesday,Wed,false
2024-09-12 00:00:00,2024,3,Q3 2024,9,September,Sep,2024-09,37,12,4,Thursday,Thu,false
2024-09-13 00:00:00,2024,3,Q3 2024,9,September,Sep,2024-09,37,13,5,Friday,Fri,false
2024-09-14 00:00:00,2024,3,Q3 2024,9,September,Sep,2024-09,37,14,6,Saturday,Sat,true
2024-09-15 00:00:00,2024,3,Q3 2024,9,September,Sep,2024-09,37,15,0,Sunday,Sun,true
2024-09-16 00:00:00,2024,3,Q3 2024,9,September,Sep,2024-09,38,16,1,Monday,Mon,false
2024-09-17 00:00:00,2024,3,Q3 2024,9,September,Sep,2024-09,38,17,2,Tuesday,Tue,false
2024-09-18 00:00:00,2024,3,Q3 2024,9,September,Sep,2024-09,38,18,3,Wednesday,Wed,false
2024-09-19 00:00:00,2024,3,Q3 2024,9,September,Sep,2024-09,38,19,4,Thursday,Thu,false
2024-09-20 00:00:00,2024,3,Q3 2024,9,September,Sep,2024-09,38,20,5,Friday,Fri,false
2024-09-21 00:00:00,2024,3,Q3 2024,9,September,Sep,2024-09,38,21,6,Saturday,Sat,true
2024-09-22 00:00:00,2024,3,Q3 2024,9,September,Sep,2024-09,38,22,0,Sunday,Sun,true
2024-09-23 00:00:00,2024,3,Q3 2024,9,September,Sep,2024-09,39,23,1,Monday,Mon,false
2024-09-24 00:00:00,2024,3,Q3 2024,9,September,Sep,2024-09,39,24,2,Tuesday,Tue,false
2024-09-25 00:00:00,2024,3,Q3 2024,9,September,Sep,2024-09,39,25,3,Wednesday,Wed,false
2024-09-26 00:00:00,2024,3,Q3 2024,9,September,Sep,2024-09,39,26,4,Thursday,Thu,false
2024-09-27 00:00:00,2024,3,Q3 2024,9,September,Sep,2024-09,39,27,5,Friday,Fri,false
2024-09-28 00:00:00,2024,3,Q3 2024,9,September,Sep,2024-09,39,28,6,Saturday,Sat,true
2024-09-29 00:00:00,2024,3,Q3 2024,9,September,Sep,2024-09,39,29,0,Sunday,Sun,true
2024-09-30 00:00:00,2024,3,Q3 2024,9,September,Sep,2024-09,40,30,1,Monday,Mon,false
2024-10-01 00:00:00,2024,4,Q4 2024,10,October,Oct,2024-10,40,1,2,Tuesday,Tue,false
2024-10-02 00:00:00,2024,4,Q4 2024,10,October,Oct,2024-10,40,2,3,Wednesday,Wed,false
2024-10-03 00:00:00,2024,4,Q4 2024,10,October,Oct,2024-10,40,3,4,Thursday,Thu,false
2024-10-04 00:00:00,2024,4,Q4 2024,10,October,Oct,2024-10,40,4,5,Friday,Fri,false
2024-10-05 00:00:00,2024,4,Q4 2024,10,October,Oct,2024-10,40,5,6,Saturday,Sat,true
2024-10-06 00:00:00,2024,4,Q4 2024,10,October,Oct,2024-10,40,6,0,Sunday,Sun,true
2024-10-07 00:00:00,2024,4,Q4 2024,10,October,Oct,2024-10,41,7,1,Monday,Mon,false
2024-10-08 00:00:00,2024,4,Q4 2024,10,October,Oct,2024-10,41,8,2,Tuesday,Tue,false
2024-10-09 00:00:00,2024,4,Q4 2024,10,October,Oct,2024-10,41,9,3,Wednesday,Wed,false
2024-10-10 00:00:00,2024,4,Q4 2024,10,October,Oct,2024-10,41,10,4,Thursday,Thu,false
2024-10-11 00:00:00,2024,4,Q4 2024,10,October,Oct,2024-10,41,11,5,Friday,Fri,false
2024-10-12 00:00:00,2024,4,Q4 2024,10,October,Oct,2024-10,41,12,6,Saturday,Sat,true
2024-10-13 00:00:00,2024,4,Q4 2024,10,October,Oct,2024-10,41,13,0,Sunday,Sun,true
2024-10-14 00:00:00,2024,4,Q4 2024,10,October,Oct,2024-10,42,14,1,Monday,Mon,false
2024-10-15 00:00:00,2024,4,Q4 2024,10,October,Oct,2024-10,42,15,2,Tuesday,Tue,false
2024-10-16 00:00:00,2024,4,Q4 2024,10,October,Oct,2024-10,42,16,3,Wednesday,Wed,false
2024-10-17 00:00:00,2024,4,Q4 2024,10,October,Oct,2024-10,42,17,4,Thursday,Thu,false
2024-10-18 00:00:00,2024,4,Q4 2024,10,October,Oct,2024-10,42,18,5,Friday,Fri,false
2024-10-19 00:00:00,2024,4,Q4 2024,10,October,Oct,2024-10,42,19,6,Saturday,Sat,true
2024-10-20 00:00:00,2024,4,Q4 2024,10,October,Oct,2024-10,42,20,0,Sunday,Sun,true
2024-10-21 00:00:00,2024,4,Q4 2024,10,October,Oct,2024-10,43,21,1,Monday,Mon,false
2024-10-22 00:00:00,2024,4,Q4 2024,10,October,Oct,2024-10,43,22,2,Tuesday,Tue,false
2024-10-23 00:00:00,2024,4,Q4 2024,10,October,Oct,2024-10,43,23,3,Wednesday,Wed,false
2024-10-24 00:00:00,2024,4,Q4 2024,10,October,Oct,2024-10,43,24,4,Thursday,Thu,false
2024-10-25 00:00:00,2024,4,Q4 2024,10,October,Oct,2024-10,43,25,5,Friday,Fri,false
2024-10-26 00:00:00,2024,4,Q4 2024,10,October,Oct,2024-10,43,26,6,Saturday,Sat,true
2024-10-27 00:00:00,2024,4,Q4 2024,10,October,Oct,2024-10,43,27,0,Sunday,Sun,true
2024-10-28 00:00:00,2024,4,Q4 2024,10,October,Oct,2024-10,44,28,1,Monday,Mon,false
2024-10-29 00:00:00,2024,4,Q4 2024,10,October,Oct,2024-10,44,29,2,Tuesday,Tue,false
2024-10-30 00:00:00,2024,4,Q4 2024,10,October,Oct,2024-10,44,30,3,Wednesday,Wed,false
2024-10-31 00:00:00,2024,4,Q4 2024,10,October,Oct,2024-10,44,31,4,Thursday,Thu,false
2024-11-01 00:00:00,2024,4,Q4 2024,11,November,Nov,2024-11,44,1,5,Friday,Fri,false
2024-11-02 00:00:00,2024,4,Q4 2024,11,November,Nov,2024-11,44,2,6,Saturday,Sat,true
2024-11-03 00:00:00,2024,4,Q4 2024,11,November,Nov,2024-11,44,3,0,Sunday,Sun,true
2024-11-04 00:00:00,2024,4,Q4 2024,11,November,Nov,2024-11,45,4,1,Monday,Mon,false
2024-11-05 00:00:00,2024,4,Q4 2024,11,November,Nov,2024-11,45,5,2,Tuesday,Tue,false
2024-11-06 00:00:00,2024,4,Q4 2024,11,November,Nov,2024-11,45,6,3,Wednesday,Wed,false
2024-11-07 00:00:00,2024,4,Q4 2024,11,November,Nov,2024-11,45,7,4,Thursday,Thu,false
2024-11-08 00:00:00,2024,4,Q4 2024,11,November,Nov,2024-11,45,8,5,Friday,Fri,false
2024-11-09 00:00:00,2024,4,Q4 2024,11,November,Nov,2024-11,45,9,6,Saturday,Sat,true
2024-11-10 00:00:00,2024,4,Q4 2024,11,November,Nov,2024-11,45,10,0,Sunday,Sun,true
2024-11-11 00:00:00,2024,4,Q4 2024,11,November,Nov,2024-11,46,11,1,Monday,Mon,false
2024-11-12 00:00:00,2024,4,Q4 2024,11,November,Nov,2024-11,46,12,2,Tuesday,Tue,false
2024-11-13 00:00:00,2024,4,Q4 2024,11,November,Nov,2024-11,46,13,3,Wednesday,Wed,false
2024-11-14 00:00:00,2024,4,Q4 2024,11,November,Nov,2024-11,46,14,4,Thursday,Thu,false
2024-11-15 00:00:00,2024,4,Q4 2024,11,November,Nov,2024-11,46,15,5,Friday,Fri,false
2024-11-16 00:00:00,2024,4,Q4 2024,11,November,Nov,2024-11,46,16,6,Saturday,Sat,true
2024-11-17 00:00:00,2024,4,Q4 2024,11,November,Nov,2024-11,46,17,0,Sunday,Sun,true
2024-11-18 00:00:00,2024,4,Q4 2024,11,November,Nov,2024-11,47,18,1,Monday,Mon,false
2024-11-19 00:00:00,2024,4,Q4 2024,11,November,Nov,2024-11,47,19,2,Tuesday,Tue,false
2024-11-20 00:00:00,2024,4,Q4 2024,11,November,Nov,2024-11,47,20,3,Wednesday,Wed,false
2024-11-21 00:00:00,2024,4,Q4 2024,11,November,Nov,2024-11,47,21,4,Thursday,Thu,false
2024-11-22 00:00:00,2024,4,Q4 2024,11,November,Nov,2024-11,47,22,5,Friday,Fri,false
2024-11-23 00:00:00,2024,4,Q4 2024,11,November,Nov,2024-11,47,23,6,Saturday,Sat,true
2024-11-24 00:00:00,2024,4,Q4 2024,11,November,Nov,2024-11,47,24,0,Sunday,Sun,true
2024-11-25 00:00:00,2024,4,Q4 2024,11,November,Nov,2024-11,48,25,1,Monday,Mon,false
2024-11-26 00:00:00,2024,4,Q4 2024,11,November,Nov,2024-11,48,26,2,Tuesday,Tue,false
2024-11-27 00:00:00,2024,4,Q4 2024,11,November,Nov,2024-11,48,27,3,Wednesday,Wed,false
2024-11-28 00:00:00,2024,4,Q4 2024,11,November,Nov,2024-11,48,28,4,Thursday,Thu,false
2024-11-29 00:00:00,2024,4,Q4 2024,11,November,Nov,2024-11,48,29,5,Friday,Fri,false
2024-11-30 00:00:00,2024,4,Q4 2024,11,November,Nov,2024-11,48,30,6,Saturday,Sat,true
2024-12-01 00:00:00,2024,4,Q4 2024,12,December,Dec,2024-12,48,1,0,Sunday,Sun,true
2024-12-02 00:00:00,2024,4,Q4 2024,12,December,Dec,2024-12,49,2,1,Monday,Mon,false
2024-12-03 00:00:00,2024,4,Q4 2024,12,December,Dec,2024-12,49,3,2,Tuesday,Tue,false
2024-12-04 00:00:00,2024,4,Q4 2024,12,December,Dec,2024-12,49,4,3,Wednesday,Wed,false
2024-12-05 00:00:00,2024,4,Q4 2024,12,December,Dec,2024-12,49,5,4,Thursday,Thu,false
2024-12-06 00:00:00,2024,4,Q4 2024,12,December,Dec,2024-12,49,6,5,Friday,Fri,false
2024-12-07 00:00:00,2024,4,Q4 2024,12,December,Dec,2024-12,49,7,6,Saturday,Sat,true
2024-12-08 00:00:00,2024,4,Q4 2024,12,December,Dec,2024-12,49,8,0,Sunday,Sun,true
2024-12-09 00:00:00,2024,4,Q4 2024,12,December,Dec,2024-12,50,9,1,Monday,Mon,false
2024-12-10 00:00:00,2024,4,Q4 2024,12,December,Dec,2024-12,50,10,2,Tuesday,Tue,false
2024-12-11 00:00:00,2024,4,Q4 2024,12,December,Dec,2024-12,50,11,3,Wednesday,Wed,false
2024-12-12 00:00:00,2024,4,Q4 2024,12,December,Dec,2024-12,50,12,4,Thursday,Thu,false
2024-12-13 00:00:00,2024,4,Q4 2024,12,December,Dec,2024-12,50,13,5,Friday,Fri,false
2024-12-14 00:00:00,2024,4,Q4 2024,12,December,Dec,2024-12,50,14,6,Saturday,Sat,true
2024-12-15 00:00:00,2024,4,Q4 2024,12,December,Dec,2024-12,50,15,0,Sunday,Sun,true
2024-12-16 00:00:00,2024,4,Q4 2024,12,December,Dec,2024-12,51,16,1,Monday,Mon,false
2024-12-17 00:00:00,2024,4,Q4 2024,12,December,Dec,2024-12,51,17,2,Tuesday,Tue,false
2024-12-18 00:00:00,2024,4,Q4 2024,12,December,Dec,2024-12,51,18,3,Wednesday,Wed,false
2024-12-19 00:00:00,2024,4,Q4 2024,12,December,Dec,2024-12,51,19,4,Thursday,Thu,false
2024-12-20 00:00:00,2024,4,Q4 2024,12,December,Dec,2024-12,51,20,5,Friday,Fri,false
2024-12-21 00:00:00,2024,4,Q4 2024,12,December,Dec,2024-12,51,21,6,Saturday,Sat,true
2024-12-22 00:00:00,2024,4,Q4 2024,12,December,Dec,2024-12,51,22,0,Sunday,Sun,true
2024-12-23 00:00:00,2024,4,Q4 2024,12,December,Dec,2024-12,52,23,1,Monday,Mon,false
2024-12-24 00:00:00,2024,4,Q4 2024,12,December,Dec,2024-12,52,24,2,Tuesday,Tue,false
2024-12-25 00:00:00,2024,4,Q4 2024,12,December,Dec,2024-12,52,25,3,Wednesday,Wed,false
2024-12-26 00:00:00,2024,4,Q4 2024,12,December,Dec,2024-12,52,26,4,Thursday,Thu,false
2024-12-27 00:00:00,2024,4,Q4 2024,12,December,Dec,2024-12,52,27,5,Friday,Fri,false
2024-12-28 00:00:00,2024,4,Q4 2024,12,December,Dec,2024-12,52,28,6,Saturday,Sat,true
2024-12-29 00:00:00,2024,4,Q4 2024,12,December,Dec,2024-12,52,29,0,Sunday,Sun,true
2024-12-30 00:00:00,2024,4,Q4 2024,12,December,Dec,2024-12,1,30,1,Monday,Mon,false
2024-12-31 00:00:00,2024,4,Q4 2024,12,December,Dec,2024-12,1,31,2,Tuesday,Tue,false
2025-01-01 00:00:00,2025,1,Q1 2025,1,January,Jan,2025-01,1,1,3,Wednesday,Wed,false
2025-01-02 00:00:00,2025,1,Q1 2025,1,January,Jan,2025-01,1,2,4,Thursday,Thu,false
2025-01-03 00:00:00,2025,1,Q1 2025,1,January,Jan,2025-01,1,3,5,Friday,Fri,false
2025-01-04 00:00:00,2025,1,Q1 2025,1,January,Jan,2025-01,1,4,6,Saturday,Sat,true
2025-01-05 00:00:00,2025,1,Q1 2025,1,January,Jan,2025-01,1,5,0,Sunday,Sun,true
2025-01-06 00:00:00,2025,1,Q1 2025,1,January,Jan,2025-01,2,6,1,Monday,Mon,false
2025-01-07 00:00:00,2025,1,Q1 2025,1,January,Jan,2025-01,2,7,2,Tuesday,Tue,false
2025-01-08 00:00:00,2025,1,Q1 2025,1,January,Jan,2025-01,2,8,3,Wednesday,Wed,false
2025-01-09 00:00:00,2025,1,Q1 2025,1,January,Jan,2025-01,2,9,4,Thursday,Thu,false
2025-01-10 00:00:00,2025,1,Q1 2025,1,January,Jan,2025-01,2,10,5,Friday,Fri,false
2025-01-11 00:00:00,2025,1,Q1 2025,1,January,Jan,2025-01,2,11,6,Saturday,Sat,true
2025-01-12 00:00:00,2025,1,Q1 2025,1,January,Jan,2025-01,2,12,0,Sunday,Sun,true
2025-01-13 00:00:00,2025,1,Q1 2025,1,January,Jan,2025-01,3,13,1,Monday,Mon,false
2025-01-14 00:00:00,2025,1,Q1 2025,1,January,Jan,2025-01,3,14,2,Tuesday,Tue,false
2025-01-15 00:00:00,2025,1,Q1 2025,1,January,Jan,2025-01,3,15,3,Wednesday,Wed,false
2025-01-16 00:00:00,2025,1,Q1 2025,1,January,Jan,2025-01,3,16,4,Thursday,Thu,false
2025-01-17 00:00:00,2025,1,Q1 2025,1,January,Jan,2025-01,3,17,5,Friday,Fri,false
2025-01-18 00:00:00,2025,1,Q1 2025,1,January,Jan,2025-01,3,18,6,Saturday,Sat,true
2025-01-19 00:00:00,2025,1,Q1 2025,1,January,Jan,2025-01,3,19,0,Sunday,Sun,true
2025-01-20 00:00:00,2025,1,Q1 2025,1,January,Jan,2025-01,4,20,1,Monday,Mon,false
2025-01-21 00:00:00,2025,1,Q1 2025,1,January,Jan,2025-01,4,21,2,Tuesday,Tue,false
2025-01-22 00:00:00,2025,1,Q1 2025,1,January,Jan,2025-01,4,22,3,Wednesday,Wed,false
2025-01-23 00:00:00,2025,1,Q1 2025,1,January,Jan,2025-01,4,23,4,Thursday,Thu,false
2025-01-24 00:00:00,2025,1,Q1 2025,1,January,Jan,2025-01,4,24,5,Friday,Fri,false
2025-01-25 00:00:00,2025,1,Q1 2025,1,January,Jan,2025-01,4,25,6,Saturday,Sat,true
2025-01-26 00:00:00,2025,1,Q1 2025,1,January,Jan,2025-01,4,26,0,Sunday,Sun,true
2025-01-27 00:00:00,2025,1,Q1 2025,1,January,Jan,2025-01,5,27,1,Monday,Mon,false
2025-01-28 00:00:00,2025,1,Q1 2025,1,January,Jan,2025-01,5,28,2,Tuesday,Tue,false
2025-01-29 00:00:00,2025,1,Q1 2025,1,January,Jan,2025-01,5,29,3,Wednesday,Wed,false
2025-01-30 00:00:00,2025,1,Q1 2025,1,January,Jan,2025-01,5,30,4,Thursday,Thu,false
2025-01-31 00:00:00,2025,1,Q1 2025,1,January,Jan,2025-01,5,31,5,Friday,Fri,false
2025-02-01 00:00:00,2025,1,Q1 2025,2,February,Feb,2025-02,5,1,6,Saturday,Sat,true
2025-02-02 00:00:00,2025,1,Q1 2025,2,February,Feb,2025-02,5,2,0,Sunday,Sun,true
2025-02-03 00:00:00,2025,1,Q1 2025,2,February,Feb,2025-02,6,3,1,Monday,Mon,false
2025-02-04 00:00:00,2025,1,Q1 2025,2,February,Feb,2025-02,6,4,2,Tuesday,Tue,false
2025-02-05 00:00:00,2025,1,Q1 2025,2,February,Feb,2025-02,6,5,3,Wednesday,Wed,false
2025-02-06 00:00:00,2025,1,Q1 2025,2,February,Feb,2025-02,6,6,4,Thursday,Thu,false
2025-02-07 00:00:00,2025,1,Q1 2025,2,February,Feb,2025-02,6,7,5,Friday,Fri,false
2025-02-08 00:00:00,2025,1,Q1 2025,2,February,Feb,2025-02,6,8,6,Saturday,Sat,true
2025-02-09 00:00:00,2025,1,Q1 2025,2,February,Feb,2025-02,6,9,0,Sunday,Sun,true
2025-02-10 00:00:00,2025,1,Q1 2025,2,February,Feb,2025-02,7,10,1,Monday,Mon,false
2025-02-11 00:00:00,2025,1,Q1 2025,2,February,Feb,2025-02,7,11,2,Tuesday,Tue,false
2025-02-12 00:00:00,2025,1,Q1 2025,2,February,Feb,2025-02,7,12,3,Wednesday,Wed,false
2025-02-13 00:00:00,2025,1,Q1 2025,2,February,Feb,2025-02,7,13,4,Thursday,Thu,false
2025-02-14 00:00:00,2025,1,Q1 2025,2,February,Feb,2025-02,7,14,5,Friday,Fri,false
2025-02-15 00:00:00,2025,1,Q1 2025,2,February,Feb,2025-02,7,15,6,Saturday,Sat,true
2025-02-16 00:00:00,2025,1,Q1 2025,2,February,Feb,2025-02,7,16,0,Sunday,Sun,true
2025-02-17 00:00:00,2025,1,Q1 2025,2,February,Feb,2025-02,8,17,1,Monday,Mon,false
2025-02-18 00:00:00,2025,1,Q1 2025,2,February,Feb,2025-02,8,18,2,Tuesday,Tue,false
2025-02-19 00:00:00,2025,1,Q1 2025,2,February,Feb,2025-02,8,19,3,Wednesday,Wed,false
2025-02-20 00:00:00,2025,1,Q1 2025,2,February,Feb,2025-02,8,20,4,Thursday,Thu,false
2025-02-21 00:00:00,2025,1,Q1 2025,2,February,Feb,2025-02,8,21,5,Friday,Fri,false
2025-02-22 00:00:00,2025,1,Q1 2025,2,February,Feb,2025-02,8,22,6,Saturday,Sat,true
2025-02-23 00:00:00,2025,1,Q1 2025,2,February,Feb,2025-02,8,23,0,Sunday,Sun,true
2025-02-24 00:00:00,2025,1,Q1 2025,2,February,Feb,2025-02,9,24,1,Monday,Mon,false
2025-02-25 00:00:00,2025,1,Q1 2025,2,February,Feb,2025-02,9,25,2,Tuesday,Tue,false
2025-02-26 00:00:00,2025,1,Q1 2025,2,February,Feb,2025-02,9,26,3,Wednesday,Wed,false
2025-02-27 00:00:00,2025,1,Q1 2025,2,February,Feb,2025-02,9,27,4,Thursday,Thu,false
2025-02-28 00:00:00,2025,1,Q1 2025,2,February,Feb,2025-02,9,28,5,Friday,Fri,false
2025-03-01 00:00:00,2025,1,Q1 2025,3,March,Mar,2025-03,9,1,6,Saturday,Sat,true
2025-03-02 00:00:00,2025,1,Q1 2025,3,March,Mar,2025-03,9,2,0,Sunday,Sun,true
2025-03-03 00:00:00,2025,1,Q1 2025,3,March,Mar,2025-03,10,3,1,Monday,Mon,false
2025-03-04 00:00:00,2025,1,Q1 2025,3,March,Mar,2025-03,10,4,2,Tuesday,Tue,false
2025-03-05 00:00:00,2025,1,Q1 2025,3,March,Mar,2025-03,10,5,3,Wednesday,Wed,false
2025-03-06 00:00:00,2025,1,Q1 2025,3,March,Mar,2025-03,10,6,4,Thursday,Thu,false
2025-03-07 00:00:00,2025,1,Q1 2025,3,March,Mar,2025-03,10,7,5,Friday,Fri,false
2025-03-08 00:00:00,2025,1,Q1 2025,3,March,Mar,2025-03,10,8,6,Saturday,Sat,true
2025-03-09 00:00:00,2025,1,Q1 2025,3,March,Mar,2025-03,10,9,0,Sunday,Sun,true
2025-03-10 00:00:00,2025,1,Q1 2025,3,March,Mar,2025-03,11,10,1,Monday,Mon,false
2025-03-11 00:00:00,2025,1,Q1 2025,3,March,Mar,2025-03,11,11,2,Tuesday,Tue,false
2025-03-12 00:00:00,2025,1,Q1 2025,3,March,Mar,2025-03,11,12,3,Wednesday,Wed,false
2025-03-13 00:00:00,2025,1,Q1 2025,3,March,Mar,2025-03,11,13,4,Thursday,Thu,false
2025-03-14 00:00:00,2025,1,Q1 2025,3,March,Mar,2025-03,11,14,5,Friday,Fri,false
2025-03-15 00:00:00,2025,1,Q1 2025,3,March,Mar,2025-03,11,15,6,Saturday,Sat,true
2025-03-16 00:00:00,2025,1,Q1 2025,3,March,Mar,2025-03,11,16,0,Sunday,Sun,true
2025-03-17 00:00:00,2025,1,Q1 2025,3,March,Mar,2025-03,12,17,1,Monday,Mon,false
2025-03-18 00:00:00,2025,1,Q1 2025,3,March,Mar,2025-03,12,18,2,Tuesday,Tue,false
2025-03-19 00:00:00,2025,1,Q1 2025,3,March,Mar,2025-03,12,19,3,Wednesday,Wed,false
2025-03-20 00:00:00,2025,1,Q1 2025,3,March,Mar,2025-03,12,20,4,Thursday,Thu,false
2025-03-21 00:00:00,2025,1,Q1 2025,3,March,Mar,2025-03,12,21,5,Friday,Fri,false
2025-03-22 00:00:00,2025,1,Q1 2025,3,March,Mar,2025-03,12,22,6,Saturday,Sat,true
2025-03-23 00:00:00,2025,1,Q1 2025,3,March,Mar,2025-03,12,23,0,Sunday,Sun,true
2025-03-24 00:00:00,2025,1,Q1 2025,3,March,Mar,2025-03,13,24,1,Monday,Mon,false
2025-03-25 00:00:00,2025,1,Q1 2025,3,March,Mar,2025-03,13,25,2,Tuesday,Tue,false
2025-03-26 00:00:00,2025,1,Q1 2025,3,March,Mar,2025-03,13,26,3,Wednesday,Wed,false
2025-03-27 00:00:00,2025,1,Q1 2025,3,March,Mar,2025-03,13,27,4,Thursday,Thu,false
2025-03-28 00:00:00,2025,1,Q1 2025,3,March,Mar,2025-03,13,28,5,Friday,Fri,false
2025-03-29 00:00:00,2025,1,Q1 2025,3,March,Mar,2025-03,13,29,6,Saturday,Sat,true
2025-03-30 00:00:00,2025,1,Q1 2025,3,March,Mar,2025-03,13,30,0,Sunday,Sun,true
2025-03-31 00:00:00,2025,1,Q1 2025,3,March,Mar,2025-03,14,31,1,Monday,Mon,false
2025-04-01 00:00:00,2025,2,Q2 2025,4,April,Apr,2025-04,14,1,2,Tuesday,Tue,false
2025-04-02 00:00:00,2025,2,Q2 2025,4,April,Apr,2025-04,14,2,3,Wednesday,Wed,false
2025-04-03 00:00:00,2025,2,Q2 2025,4,April,Apr,2025-04,14,3,4,Thursday,Thu,false
2025-04-04 00:00:00,2025,2,Q2 2025,4,April,Apr,2025-04,14,4,5,Friday,Fri,false
2025-04-05 00:00:00,2025,2,Q2 2025,4,April,Apr,2025-04,14,5,6,Saturday,Sat,true
2025-04-06 00:00:00,2025,2,Q2 2025,4,April,Apr,2025-04,14,6,0,Sunday,Sun,true
2025-04-07 00:00:00,2025,2,Q2 2025,4,April,Apr,2025-04,15,7,1,Monday,Mon,false
2025-04-08 00:00:00,2025,2,Q2 2025,4,April,Apr,2025-04,15,8,2,Tuesday,Tue,false
2025-04-09 00:00:00,2025,2,Q2 2025,4,April,Apr,2025-04,15,9,3,Wednesday,Wed,false
2025-04-10 00:00:00,2025,2,Q2 2025,4,April,Apr,2025-04,15,10,4,Thursday,Thu,false
2025-04-11 00:00:00,2025,2,Q2 2025,4,April,Apr,2025-04,15,11,5,Friday,Fri,false
2025-04-12 00:00:00,2025,2,Q2 2025,4,April,Apr,2025-04,15,12,6,Saturday,Sat,true
2025-04-13 00:00:00,2025,2,Q2 2025,4,April,Apr,2025-04,15,13,0,Sunday,Sun,true
2025-04-14 00:00:00,2025,2,Q2 2025,4,April,Apr,2025-04,16,14,1,Monday,Mon,false
2025-04-15 00:00:00,2025,2,Q2 2025,4,April,Apr,2025-04,16,15,2,Tuesday,Tue,false
2025-04-16 00:00:00,2025,2,Q2 2025,4,April,Apr,2025-04,16,16,3,Wednesday,Wed,false
2025-04-17 00:00:00,2025,2,Q2 2025,4,April,Apr,2025-04,16,17,4,Thursday,Thu,false
2025-04-18 00:00:00,2025,2,Q2 2025,4,April,Apr,2025-04,16,18,5,Friday,Fri,false
2025-04-19 00:00:00,2025,2,Q2 2025,4,April,Apr,2025-04,16,19,6,Saturday,Sat,true
2025-04-20 00:00:00,2025,2,Q2 2025,4,April,Apr,2025-04,16,20,0,Sunday,Sun,true
2025-04-21 00:00:00,2025,2,Q2 2025,4,April,Apr,2025-04,17,21,1,Monday,Mon,false
2025-04-22 00:00:00,2025,2,Q2 2025,4,April,Apr,2025-04,17,22,2,Tuesday,Tue,false
2025-04-23 00:00:00,2025,2,Q2 2025,4,April,Apr,2025-04,17,23,3,Wednesday,Wed,false
2025-04-24 00:00:00,2025,2,Q2 2025,4,April,Apr,2025-04,17,24,4,Thursday,Thu,false
2025-04-25 00:00:00,2025,2,Q2 2025,4,April,Apr,2025-04,17,25,5,Friday,Fri,false
2025-04-26 00:00:00,2025,2,Q2 2025,4,April,Apr,2025-04,17,26,6,Saturday,Sat,true
2025-04-27 00:00:00,2025,2,Q2 2025,4,April,Apr,2025-04,17,27,0,Sunday,Sun,true
2025-04-28 00:00:00,2025,2,Q2 2025,4,April,Apr,2025-04,18,28,1,Monday,Mon,false
2025-04-29 00:00:00,2025,2,Q2 2025,4,April,Apr,2025-04,18,29,2,Tuesday,Tue,false
2025-04-30 00:00:00,2025,2,Q2 2025,4,April,Apr,2025-04,18,30,3,Wednesday,Wed,false
2025-05-01 00:00:00,2025,2,Q2 2025,5,May,May,2025-05,18,1,4,Thursday,Thu,false
2025-05-02 00:00:00,2025,2,Q2 2025,5,May,May,2025-05,18,2,5,Friday,Fri,false
2025-05-03 00:00:00,2025,2,Q2 2025,5,May,May,2025-05,18,3,6,Saturday,Sat,true
2025-05-04 00:00:00,2025,2,Q2 2025,5,May,May,2025-05,18,4,0,Sunday,Sun,true
2025-05-05 00:00:00,2025,2,Q2 2025,5,May,May,2025-05,19,5,1,Monday,Mon,false
2025-05-06 00:00:00,2025,2,Q2 2025,5,May,May,2025-05,19,6,2,Tuesday,Tue,false
2025-05-07 00:00:00,2025,2,Q2 2025,5,May,May,2025-05,19,7,3,Wednesday,Wed,false
2025-05-08 00:00:00,2025,2,Q2 2025,5,May,May,2025-05,19,8,4,Thursday,Thu,false
2025-05-09 00:00:00,2025,2,Q2 2025,5,May,May,2025-05,19,9,5,Friday,Fri,false
2025-05-10 00:00:00,2025,2,Q2 2025,5,May,May,2025-05,19,10,6,Saturday,Sat,true
2025-05-11 00:00:00,2025,2,Q2 2025,5,May,May,2025-05,19,11,0,Sunday,Sun,true
2025-05-12 00:00:00,2025,2,Q2 2025,5,May,May,2025-05,20,12,1,Monday,Mon,false
2025-05-13 00:00:00,2025,2,Q2 2025,5,May,May,2025-05,20,13,2,Tuesday,Tue,false
2025-05-14 00:00:00,2025,2,Q2 2025,5,May,May,2025-05,20,14,3,Wednesday,Wed,false
2025-05-15 00:00:00,2025,2,Q2 2025,5,May,May,2025-05,20,15,4,Thursday,Thu,false
2025-05-16 00:00:00,2025,2,Q2 2025,5,May,May,2025-05,20,16,5,Friday,Fri,false
2025-05-17 00:00:00,2025,2,Q2 2025,5,May,May,2025-05,20,17,6,Saturday,Sat,true
2025-05-18 00:00:00,2025,2,Q2 2025,5,May,May,2025-05,20,18,0,Sunday,Sun,true
2025-05-19 00:00:00,2025,2,Q2 2025,5,May,May,2025-05,21,19,1,Monday,Mon,false
2025-05-20 00:00:00,2025,2,Q2 2025,5,May,May,2025-05,21,20,2,Tuesday,Tue,false
2025-05-21 00:00:00,2025,2,Q2 2025,5,May,May,2025-05,21,21,3,Wednesday,Wed,false
2025-05-22 00:00:00,2025,2,Q2 2025,5,May,May,2025-05,21,22,4,Thursday,Thu,false
2025-05-23 00:00:00,2025,2,Q2 2025,5,May,May,2025-05,21,23,5,Friday,Fri,false
2025-05-24 00:00:00,2025,2,Q2 2025,5,May,May,2025-05,21,24,6,Saturday,Sat,true
2025-05-25 00:00:00,2025,2,Q2 2025,5,May,May,2025-05,21,25,0,Sunday,Sun,true
2025-05-26 00:00:00,2025,2,Q2 2025,5,May,May,2025-05,22,26,1,Monday,Mon,false
2025-05-27 00:00:00,2025,2,Q2 2025,5,May,May,2025-05,22,27,2,Tuesday,Tue,false
2025-05-28 00:00:00,2025,2,Q2 2025,5,May,May,2025-05,22,28,3,Wednesday,Wed,false
2025-05-29 00:00:00,2025,2,Q2 2025,5,May,May,2025-05,22,29,4,Thursday,Thu,false
2025-05-30 00:00:00,2025,2,Q2 2025,5,May,May,2025-05,22,30,5,Friday,Fri,false
2025-05-31 00:00:00,2025,2,Q2 2025,5,May,May,2025-05,22,31,6,Saturday,Sat,true
2025-06-01 00:00:00,2025,2,Q2 2025,6,June,Jun,2025-06,22,1,0,Sunday,Sun,true
2025-06-02 00:00:00,2025,2,Q2 2025,6,June,Jun,2025-06,23,2,1,Monday,Mon,false
2025-06-03 00:00:00,2025,2,Q2 2025,6,June,Jun,2025-06,23,3,2,Tuesday,Tue,false
2025-06-04 00:00:00,2025,2,Q2 2025,6,June,Jun,2025-06,23,4,3,Wednesday,Wed,false
2025-06-05 00:00:00,2025,2,Q2 2025,6,June,Jun,2025-06,23,5,4,Thursday,Thu,false
2025-06-06 00:00:00,2025,2,Q2 2025,6,June,Jun,2025-06,23,6,5,Friday,Fri,false
2025-06-07 00:00:00,2025,2,Q2 2025,6,June,Jun,2025-06,23,7,6,Saturday,Sat,true
2025-06-08 00:00:00,2025,2,Q2 2025,6,June,Jun,2025-06,23,8,0,Sunday,Sun,true
2025-06-09 00:00:00,2025,2,Q2 2025,6,June,Jun,2025-06,24,9,1,Monday,Mon,false
2025-06-10 00:00:00,2025,2,Q2 2025,6,June,Jun,2025-06,24,10,2,Tuesday,Tue,false
2025-06-11 00:00:00,2025,2,Q2 2025,6,June,Jun,2025-06,24,11,3,Wednesday,Wed,false
2025-06-12 00:00:00,2025,2,Q2 2025,6,June,Jun,2025-06,24,12,4,Thursday,Thu,false
2025-06-13 00:00:00,2025,2,Q2 2025,6,June,Jun,2025-06,24,13,5,Friday,Fri,false
2025-06-14 00:00:00,2025,2,Q2 2025,6,June,Jun,2025-06,24,14,6,Saturday,Sat,true
2025-06-15 00:00:00,2025,2,Q2 2025,6,June,Jun,2025-06,24,15,0,Sunday,Sun,true
2025-06-16 00:00:00,2025,2,Q2 2025,6,June,Jun,2025-06,25,16,1,Monday,Mon,false
2025-06-17 00:00:00,2025,2,Q2 2025,6,June,Jun,2025-06,25,17,2,Tuesday,Tue,false
2025-06-18 00:00:00,2025,2,Q2 2025,6,June,Jun,2025-06,25,18,3,Wednesday,Wed,false
2025-06-19 00:00:00,2025,2,Q2 2025,6,June,Jun,2025-06,25,19,4,Thursday,Thu,false
2025-06-20 00:00:00,2025,2,Q2 2025,6,June,Jun,2025-06,25,20,5,Friday,Fri,false
2025-06-21 00:00:00,2025,2,Q2 2025,6,June,Jun,2025-06,25,21,6,Saturday,Sat,true
2025-06-22 00:00:00,2025,2,Q2 2025,6,June,Jun,2025-06,25,22,0,Sunday,Sun,true
2025-06-23 00:00:00,2025,2,Q2 2025,6,June,Jun,2025-06,26,23,1,Monday,Mon,false
2025-06-24 00:00:00,2025,2,Q2 2025,6,June,Jun,2025-06,26,24,2,Tuesday,Tue,false
2025-06-25 00:00:00,2025,2,Q2 2025,6,June,Jun,2025-06,26,25,3,Wednesday,Wed,false
2025-06-26 00:00:00,2025,2,Q2 2025,6,June,Jun,2025-06,26,26,4,Thursday,Thu,false
2025-06-27 00:00:00,2025,2,Q2 2025,6,June,Jun,2025-06,26,27,5,Friday,Fri,false
2025-06-28 00:00:00,2025,2,Q2 2025,6,June,Jun,2025-06,26,28,6,Saturday,Sat,true
2025-06-29 00:00:00,2025,2,Q2 2025,6,June,Jun,2025-06,26,29,0,Sunday,Sun,true
2025-06-30 00:00:00,2025,2,Q2 2025,6,June,Jun,2025-06,27,30,1,Monday,Mon,false
2025-07-01 00:00:00,2025,3,Q3 2025,7,July,Jul,2025-07,27,1,2,Tuesday,Tue,false
2025-07-02 00:00:00,2025,3,Q3 2025,7,July,Jul,2025-07,27,2,3,Wednesday,Wed,false
2025-07-03 00:00:00,2025,3,Q3 2025,7,July,Jul,2025-07,27,3,4,Thursday,Thu,false
2025-07-04 00:00:00,2025,3,Q3 2025,7,July,Jul,2025-07,27,4,5,Friday,Fri,false
2025-07-05 00:00:00,2025,3,Q3 2025,7,July,Jul,2025-07,27,5,6,Saturday,Sat,true
2025-07-06 00:00:00,2025,3,Q3 2025,7,July,Jul,2025-07,27,6,0,Sunday,Sun,true
2025-07-07 00:00:00,2025,3,Q3 2025,7,July,Jul,2025-07,28,7,1,Monday,Mon,false
2025-07-08 00:00:00,2025,3,Q3 2025,7,July,Jul,2025-07,28,8,2,Tuesday,Tue,false
2025-07-09 00:00:00,2025,3,Q3 2025,7,July,Jul,2025-07,28,9,3,Wednesday,Wed,false
2025-07-10 00:00:00,2025,3,Q3 2025,7,July,Jul,2025-07,28,10,4,Thursday,Thu,false
2025-07-11 00:00:00,2025,3,Q3 2025,7,July,Jul,2025-07,28,11,5,Friday,Fri,false
2025-07-12 00:00:00,2025,3,Q3 2025,7,July,Jul,2025-07,28,12,6,Saturday,Sat,true
2025-07-13 00:00:00,2025,3,Q3 2025,7,July,Jul,2025-07,28,13,0,Sunday,Sun,true
2025-07-14 00:00:00,2025,3,Q3 2025,7,July,Jul,2025-07,29,14,1,Monday,Mon,false
2025-07-15 00:00:00,2025,3,Q3 2025,7,July,Jul,2025-07,29,15,2,Tuesday,Tue,false
2025-07-16 00:00:00,2025,3,Q3 2025,7,July,Jul,2025-07,29,16,3,Wednesday,Wed,false
2025-07-17 00:00:00,2025,3,Q3 2025,7,July,Jul,2025-07,29,17,4,Thursday,Thu,false
2025-07-18 00:00:00,2025,3,Q3 2025,7,July,Jul,2025-07,29,18,5,Friday,Fri,false
2025-07-19 00:00:00,2025,3,Q3 2025,7,July,Jul,2025-07,29,19,6,Saturday,Sat,true
2025-07-20 00:00:00,2025,3,Q3 2025,7,July,Jul,2025-07,29,20,0,Sunday,Sun,true
2025-07-21 00:00:00,2025,3,Q3 2025,7,July,Jul,2025-07,30,21,1,Monday,Mon,false
2025-07-22 00:00:00,2025,3,Q3 2025,7,July,Jul,2025-07,30,22,2,Tuesday,Tue,false
2025-07-23 00:00:00,2025,3,Q3 2025,7,July,Jul,2025-07,30,23,3,Wednesday,Wed,false
2025-07-24 00:00:00,2025,3,Q3 2025,7,July,Jul,2025-07,30,24,4,Thursday,Thu,false
2025-07-25 00:00:00,2025,3,Q3 2025,7,July,Jul,2025-07,30,25,5,Friday,Fri,false
2025-07-26 00:00:00,2025,3,Q3 2025,7,July,Jul,2025-07,30,26,6,Saturday,Sat,true
2025-07-27 00:00:00,2025,3,Q3 2025,7,July,Jul,2025-07,30,27,0,Sunday,Sun,true
2025-07-28 00:00:00,2025,3,Q3 2025,7,July,Jul,2025-07,31,28,1,Monday,Mon,false
2025-07-29 00:00:00,2025,3,Q3 2025,7,July,Jul,2025-07,31,29,2,Tuesday,Tue,false
2025-07-30 00:00:00,2025,3,Q3 2025,7,July,Jul,2025-07,31,30,3,Wednesday,Wed,false
2025-07-31 00:00:00,2025,3,Q3 2025,7,July,Jul,2025-07,31,31,4,Thursday,Thu,false
2025-08-01 00:00:00,2025,3,Q3 2025,8,August,Aug,2025-08,31,1,5,Friday,Fri,false
2025-08-02 00:00:00,2025,3,Q3 2025,8,August,Aug,2025-08,31,2,6,Saturday,Sat,true
2025-08-03 00:00:00,2025,3,Q3 2025,8,August,Aug,2025-08,31,3,0,Sunday,Sun,true
2025-08-04 00:00:00,2025,3,Q3 2025,8,August,Aug,2025-08,32,4,1,Monday,Mon,false
2025-08-05 00:00:00,2025,3,Q3 2025,8,August,Aug,2025-08,32,5,2,Tuesday,Tue,false
2025-08-06 00:00:00,2025,3,Q3 2025,8,August,Aug,2025-08,32,6,3,Wednesday,Wed,false
2025-08-07 00:00:00,2025,3,Q3 2025,8,August,Aug,2025-08,32,7,4,Thursday,Thu,false
2025-08-08 00:00:00,2025,3,Q3 2025,8,August,Aug,2025-08,32,8,5,Friday,Fri,false
2025-08-09 00:00:00,2025,3,Q3 2025,8,August,Aug,2025-08,32,9,6,Saturday,Sat,true
2025-08-10 00:00:00,2025,3,Q3 2025,8,August,Aug,2025-08,32,10,0,Sunday,Sun,true
2025-08-11 00:00:00,2025,3,Q3 2025,8,August,Aug,2025-08,33,11,1,Monday,Mon,false
2025-08-12 00:00:00,2025,3,Q3 2025,8,August,Aug,2025-08,33,12,2,Tuesday,Tue,false
2025-08-13 00:00:00,2025,3,Q3 2025,8,August,Aug,2025-08,33,13,3,Wednesday,Wed,false
2025-08-14 00:00:00,2025,3,Q3 2025,8,August,Aug,2025-08,33,14,4,Thursday,Thu,false
2025-08-15 00:00:00,2025,3,Q3 2025,8,August,Aug,2025-08,33,15,5,Friday,Fri,false
2025-08-16 00:00:00,2025,3,Q3 2025,8,August,Aug,2025-08,33,16,6,Saturday,Sat,true
2025-08-17 00:00:00,2025,3,Q3 2025,8,August,Aug,2025-08,33,17,0,Sunday,Sun,true
2025-08-18 00:00:00,2025,3,Q3 2025,8,August,Aug,2025-08,34,18,1,Monday,Mon,false
2025-08-19 00:00:00,2025,3,Q3 2025,8,August,Aug,2025-08,34,19,2,Tuesday,Tue,false
2025-08-20 00:00:00,2025,3,Q3 2025,8,August,Aug,2025-08,34,20,3,Wednesday,Wed,false
2025-08-21 00:00:00,2025,3,Q3 2025,8,August,Aug,2025-08,34,21,4,Thursday,Thu,false
2025-08-22 00:00:00,2025,3,Q3 2025,8,August,Aug,2025-08,34,22,5,Friday,Fri,false
2025-08-23 00:00:00,2025,3,Q3 2025,8,August,Aug,2025-08,34,23,6,Saturday,Sat,true
2025-08-24 00:00:00,2025,3,Q3 2025,8,August,Aug,2025-08,34,24,0,Sunday,Sun,true
2025-08-25 00:00:00,2025,3,Q3 2025,8,August,Aug,2025-08,35,25,1,Monday,Mon,false
2025-08-26 00:00:00,2025,3,Q3 2025,8,August,Aug,2025-08,35,26,2,Tuesday,Tue,false
2025-08-27 00:00:00,2025,3,Q3 2025,8,August,Aug,2025-08,35,27,3,Wednesday,Wed,false
2025-08-28 00:00:00,2025,3,Q3 2025,8,August,Aug,2025-08,35,28,4,Thursday,Thu,false
2025-08-29 00:00:00,2025,3,Q3 2025,8,August,Aug,2025-08,35,29,5,Friday,Fri,false
2025-08-30 00:00:00,2025,3,Q3 2025,8,August,Aug,2025-08,35,30,6,Saturday,Sat,true
2025-08-31 00:00:00,2025,3,Q3 2025,8,August,Aug,2025-08,35,31,0,Sunday,Sun,true
2025-09-01 00:00:00,2025,3,Q3 2025,9,September,Sep,2025-09,36,1,1,Monday,Mon,false
2025-09-02 00:00:00,2025,3,Q3 2025,9,September,Sep,2025-09,36,2,2,Tuesday,Tue,false
2025-09-03 00:00:00,2025,3,Q3 2025,9,September,Sep,2025-09,36,3,3,Wednesday,Wed,false
2025-09-04 00:00:00,2025,3,Q3 2025,9,September,Sep,2025-09,36,4,4,Thursday,Thu,false
2025-09-05 00:00:00,2025,3,Q3 2025,9,September,Sep,2025-09,36,5,5,Friday,Fri,false
2025-09-06 00:00:00,2025,3,Q3 2025,9,September,Sep,2025-09,36,6,6,Saturday,Sat,true
2025-09-07 00:00:00,2025,3,Q3 2025,9,September,Sep,2025-09,36,7,0,Sunday,Sun,true
2025-09-08 00:00:00,2025,3,Q3 2025,9,September,Sep,2025-09,37,8,1,Monday,Mon,false
2025-09-09 00:00:00,2025,3,Q3 2025,9,September,Sep,2025-09,37,9,2,Tuesday,Tue,false
2025-09-10 00:00:00,2025,3,Q3 2025,9,September,Sep,2025-09,37,10,3,Wednesday,Wed,false
2025-09-11 00:00:00,2025,3,Q3 2025,9,September,Sep,2025-09,37,11,4,Thursday,Thu,false
2025-09-12 00:00:00,2025,3,Q3 2025,9,September,Sep,2025-09,37,12,5,Friday,Fri,false
2025-09-13 00:00:00,2025,3,Q3 2025,9,September,Sep,2025-09,37,13,6,Saturday,Sat,true
2025-09-14 00:00:00,2025,3,Q3 2025,9,September,Sep,2025-09,37,14,0,Sunday,Sun,true
2025-09-15 00:00:00,2025,3,Q3 2025,9,September,Sep,2025-09,38,15,1,Monday,Mon,false
2025-09-16 00:00:00,2025,3,Q3 2025,9,September,Sep,2025-09,38,16,2,Tuesday,Tue,false
2025-09-17 00:00:00,2025,3,Q3 2025,9,September,Sep,2025-09,38,17,3,Wednesday,Wed,false
2025-09-18 00:00:00,2025,3,Q3 2025,9,September,Sep,2025-09,38,18,4,Thursday,Thu,false
2025-09-19 00:00:00,2025,3,Q3 2025,9,September,Sep,2025-09,38,19,5,Friday,Fri,false
2025-09-20 00:00:00,2025,3,Q3 2025,9,September,Sep,2025-09,38,20,6,Saturday,Sat,true
2025-09-21 00:00:00,2025,3,Q3 2025,9,September,Sep,2025-09,38,21,0,Sunday,Sun,true
2025-09-22 00:00:00,2025,3,Q3 2025,9,September,Sep,2025-09,39,22,1,Monday,Mon,false
2025-09-23 00:00:00,2025,3,Q3 2025,9,September,Sep,2025-09,39,23,2,Tuesday,Tue,false
2025-09-24 00:00:00,2025,3,Q3 2025,9,September,Sep,2025-09,39,24,3,Wednesday,Wed,false
2025-09-25 00:00:00,2025,3,Q3 2025,9,September,Sep,2025-09,39,25,4,Thursday,Thu,false
2025-09-26 00:00:00,2025,3,Q3 2025,9,September,Sep,2025-09,39,26,5,Friday,Fri,false
2025-09-27 00:00:00,2025,3,Q3 2025,9,September,Sep,2025-09,39,27,6,Saturday,Sat,true
2025-09-28 00:00:00,2025,3,Q3 2025,9,September,Sep,2025-09,39,28,0,Sunday,Sun,true
2025-09-29 00:00:00,2025,3,Q3 2025,9,September,Sep,2025-09,40,29,1,Monday,Mon,false
2025-09-30 00:00:00,2025,3,Q3 2025,9,September,Sep,2025-09,40,30,2,Tuesday,Tue,false
2025-10-01 00:00:00,2025,4,Q4 2025,10,October,Oct,2025-10,40,1,3,Wednesday,Wed,false
2025-10-02 00:00:00,2025,4,Q4 2025,10,October,Oct,2025-10,40,2,4,Thursday,Thu,false
2025-10-03 00:00:00,2025,4,Q4 2025,10,October,Oct,2025-10,40,3,5,Friday,Fri,false
2025-10-04 00:00:00,2025,4,Q4 2025,10,October,Oct,2025-10,40,4,6,Saturday,Sat,true
2025-10-05 00:00:00,2025,4,Q4 2025,10,October,Oct,2025-10,40,5,0,Sunday,Sun,true
2025-10-06 00:00:00,2025,4,Q4 2025,10,October,Oct,2025-10,41,6,1,Monday,Mon,false
2025-10-07 00:00:00,2025,4,Q4 2025,10,October,Oct,2025-10,41,7,2,Tuesday,Tue,false
2025-10-08 00:00:00,2025,4,Q4 2025,10,October,Oct,2025-10,41,8,3,Wednesday,Wed,false
2025-10-09 00:00:00,2025,4,Q4 2025,10,October,Oct,2025-10,41,9,4,Thursday,Thu,false
2025-10-10 00:00:00,2025,4,Q4 2025,10,October,Oct,2025-10,41,10,5,Friday,Fri,false
2025-10-11 00:00:00,2025,4,Q4 2025,10,October,Oct,2025-10,41,11,6,Saturday,Sat,true
2025-10-12 00:00:00,2025,4,Q4 2025,10,October,Oct,2025-10,41,12,0,Sunday,Sun,true
2025-10-13 00:00:00,2025,4,Q4 2025,10,October,Oct,2025-10,42,13,1,Monday,Mon,false
2025-10-14 00:00:00,2025,4,Q4 2025,10,October,Oct,2025-10,42,14,2,Tuesday,Tue,false
2025-10-15 00:00:00,2025,4,Q4 2025,10,October,Oct,2025-10,42,15,3,Wednesday,Wed,false
2025-10-16 00:00:00,2025,4,Q4 2025,10,October,Oct,2025-10,42,16,4,Thursday,Thu,false
2025-10-17 00:00:00,2025,4,Q4 2025,10,October,Oct,2025-10,42,17,5,Friday,Fri,false
2025-10-18 00:00:00,2025,4,Q4 2025,10,October,Oct,2025-10,42,18,6,Saturday,Sat,true
2025-10-19 00:00:00,2025,4,Q4 2025,10,October,Oct,2025-10,42,19,0,Sunday,Sun,true
2025-10-20 00:00:00,2025,4,Q4 2025,10,October,Oct,2025-10,43,20,1,Monday,Mon,false
2025-10-21 00:00:00,2025,4,Q4 2025,10,October,Oct,2025-10,43,21,2,Tuesday,Tue,false
2025-10-22 00:00:00,2025,4,Q4 2025,10,October,Oct,2025-10,43,22,3,Wednesday,Wed,false
2025-10-23 00:00:00,2025,4,Q4 2025,10,October,Oct,2025-10,43,23,4,Thursday,Thu,false
2025-10-24 00:00:00,2025,4,Q4 2025,10,October,Oct,2025-10,43,24,5,Friday,Fri,false
2025-10-25 00:00:00,2025,4,Q4 2025,10,October,Oct,2025-10,43,25,6,Saturday,Sat,true
2025-10-26 00:00:00,2025,4,Q4 2025,10,October,Oct,2025-10,43,26,0,Sunday,Sun,true
2025-10-27 00:00:00,2025,4,Q4 2025,10,October,Oct,2025-10,44,27,1,Monday,Mon,false
2025-10-28 00:00:00,2025,4,Q4 2025,10,October,Oct,2025-10,44,28,2,Tuesday,Tue,false
2025-10-29 00:00:00,2025,4,Q4 2025,10,October,Oct,2025-10,44,29,3,Wednesday,Wed,false
2025-10-30 00:00:00,2025,4,Q4 2025,10,October,Oct,2025-10,44,30,4,Thursday,Thu,false
2025-10-31 00:00:00,2025,4,Q4 2025,10,October,Oct,2025-10,44,31,5,Friday,Fri,false
2025-11-01 00:00:00,2025,4,Q4 2025,11,November,Nov,2025-11,44,1,6,Saturday,Sat,true
2025-11-02 00:00:00,2025,4,Q4 2025,11,November,Nov,2025-11,44,2,0,Sunday,Sun,true
2025-11-03 00:00:00,2025,4,Q4 2025,11,November,Nov,2025-11,45,3,1,Monday,Mon,false
2025-11-04 00:00:00,2025,4,Q4 2025,11,November,Nov,2025-11,45,4,2,Tuesday,Tue,false
2025-11-05 00:00:00,2025,4,Q4 2025,11,November,Nov,2025-11,45,5,3,Wednesday,Wed,false
2025-11-06 00:00:00,2025,4,Q4 2025,11,November,Nov,2025-11,45,6,4,Thursday,Thu,false
2025-11-07 00:00:00,2025,4,Q4 2025,11,November,Nov,2025-11,45,7,5,Friday,Fri,false
2025-11-08 00:00:00,2025,4,Q4 2025,11,November,Nov,2025-11,45,8,6,Saturday,Sat,true
2025-11-09 00:00:00,2025,4,Q4 2025,11,November,Nov,2025-11,45,9,0,Sunday,Sun,true
2025-11-10 00:00:00,2025,4,Q4 2025,11,November,Nov,2025-11,46,10,1,Monday,Mon,false
2025-11-11 00:00:00,2025,4,Q4 2025,11,November,Nov,2025-11,46,11,2,Tuesday,Tue,false
2025-11-12 00:00:00,2025,4,Q4 2025,11,November,Nov,2025-11,46,12,3,Wednesday,Wed,false
2025-11-13 00:00:00,2025,4,Q4 2025,11,November,Nov,2025-11,46,13,4,Thursday,Thu,false
2025-11-14 00:00:00,2025,4,Q4 2025,11,November,Nov,2025-11,46,14,5,Friday,Fri,false
2025-11-15 00:00:00,2025,4,Q4 2025,11,November,Nov,2025-11,46,15,6,Saturday,Sat,true
2025-11-16 00:00:00,2025,4,Q4 2025,11,November,Nov,2025-11,46,16,0,Sunday,Sun,true
2025-11-17 00:00:00,2025,4,Q4 2025,11,November,Nov,2025-11,47,17,1,Monday,Mon,false
2025-11-18 00:00:00,2025,4,Q4 2025,11,November,Nov,2025-11,47,18,2,Tuesday,Tue,false
2025-11-19 00:00:00,2025,4,Q4 2025,11,November,Nov,2025-11,47,19,3,Wednesday,Wed,false
2025-11-20 00:00:00,2025,4,Q4 2025,11,November,Nov,2025-11,47,20,4,Thursday,Thu,false
2025-11-21 00:00:00,2025,4,Q4 2025,11,November,Nov,2025-11,47,21,5,Friday,Fri,false
2025-11-22 00:00:00,2025,4,Q4 2025,11,November,Nov,2025-11,47,22,6,Saturday,Sat,true
2025-11-23 00:00:00,2025,4,Q4 2025,11,November,Nov,2025-11,47,23,0,Sunday,Sun,true
2025-11-24 00:00:00,2025,4,Q4 2025,11,November,Nov,2025-11,48,24,1,Monday,Mon,false
2025-11-25 00:00:00,2025,4,Q4 2025,11,November,Nov,2025-11,48,25,2,Tuesday,Tue,false
2025-11-26 00:00:00,2025,4,Q4 2025,11,November,Nov,2025-11,48,26,3,Wednesday,Wed,false
2025-11-27 00:00:00,2025,4,Q4 2025,11,November,Nov,2025-11,48,27,4,Thursday,Thu,false
2025-11-28 00:00:00,2025,4,Q4 2025,11,November,Nov,2025-11,48,28,5,Friday,Fri,false
2025-11-29 00:00:00,2025,4,Q4 2025,11,November,Nov,2025-11,48,29,6,Saturday,Sat,true
2025-11-30 00:00:00,2025,4,Q4 2025,11,November,Nov,2025-11,48,30,0,Sunday,Sun,true
2025-12-01 00:00:00,2025,4,Q4 2025,12,December,Dec,2025-12,49,1,1,Monday,Mon,false
2025-12-02 00:00:00,2025,4,Q4 2025,12,December,Dec,2025-12,49,2,2,Tuesday,Tue,false
2025-12-03 00:00:00,2025,4,Q4 2025,12,December,Dec,2025-12,49,3,3,Wednesday,Wed,false
2025-12-04 00:00:00,2025,4,Q4 2025,12,December,Dec,2025-12,49,4,4,Thursday,Thu,false
2025-12-05 00:00:00,2025,4,Q4 2025,12,December,Dec,2025-12,49,5,5,Friday,Fri,false
2025-12-06 00:00:00,2025,4,Q4 2025,12,December,Dec,2025-12,49,6,6,Saturday,Sat,true
2025-12-07 00:00:00,2025,4,Q4 2025,12,December,Dec,2025-12,49,7,0,Sunday,Sun,true
2025-12-08 00:00:00,2025,4,Q4 2025,12,December,Dec,2025-12,50,8,1,Monday,Mon,false
2025-12-09 00:00:00,2025,4,Q4 2025,12,December,Dec,2025-12,50,9,2,Tuesday,Tue,false
2025-12-10 00:00:00,2025,4,Q4 2025,12,December,Dec,2025-12,50,10,3,Wednesday,Wed,false
2025-12-11 00:00:00,2025,4,Q4 2025,12,December,Dec,2025-12,50,11,4,Thursday,Thu,false
2025-12-12 00:00:00,2025,4,Q4 2025,12,December,Dec,2025-12,50,12,5,Friday,Fri,false
2025-12-13 00:00:00,2025,4,Q4 2025,12,December,Dec,2025-12,50,13,6,Saturday,Sat,true
2025-12-14 00:00:00,2025,4,Q4 2025,12,December,Dec,2025-12,50,14,0,Sunday,Sun,true
2025-12-15 00:00:00,2025,4,Q4 2025,12,December,Dec,2025-12,51,15,1,Monday,Mon,false
2025-12-16 00:00:00,2025,4,Q4 2025,12,December,Dec,2025-12,51,16,2,Tuesday,Tue,false
2025-12-17 00:00:00,2025,4,Q4 2025,12,December,Dec,2025-12,51,17,3,Wednesday,Wed,false
2025-12-18 00:00:00,2025,4,Q4 2025,12,December,Dec,2025-12,51,18,4,Thursday,Thu,false
2025-12-19 00:00:00,2025,4,Q4 2025,12,December,Dec,2025-12,51,19,5,Friday,Fri,false
2025-12-20 00:00:00,2025,4,Q4 2025,12,December,Dec,2025-12,51,20,6,Saturday,Sat,true
2025-12-21 00:00:00,2025,4,Q4 2025,12,December,Dec,2025-12,51,21,0,Sunday,Sun,true
2025-12-22 00:00:00,2025,4,Q4 2025,12,December,Dec,2025-12,52,22,1,Monday,Mon,false
2025-12-23 00:00:00,2025,4,Q4 2025,12,December,Dec,2025-12,52,23,2,Tuesday,Tue,false
2025-12-24 00:00:00,2025,4,Q4 2025,12,December,Dec,2025-12,52,24,3,Wednesday,Wed,false
2025-12-25 00:00:00,2025,4,Q4 2025,12,December,Dec,2025-12,52,25,4,Thursday,Thu,false
2025-12-26 00:00:00,2025,4,Q4 2025,12,December,Dec,2025-12,52,26,5,Friday,Fri,false
2025-12-27 00:00:00,2025,4,Q4 2025,12,December,Dec,2025-12,52,27,6,Saturday,Sat,true
2025-12-28 00:00:00,2025,4,Q4 2025,12,December,Dec,2025-12,52,28,0,Sunday,Sun,true
2025-12-29 00:00:00,2025,4,Q4 2025,12,December,Dec,2025-12,1,29,1,Monday,Mon,false
2025-12-30 00:00:00,2025,4,Q4 2025,12,December,Dec,2025-12,1,30,2,Tuesday,Tue,false
2025-12-31 00:00:00,2025,4,Q4 2025,12,December,Dec,2025-12,1,31,3,Wednesday,Wed,false
2026-01-01 00:00:00,2026,1,Q1 2026,1,January,Jan,2026-01,1,1,4,Thursday,Thu,false
2026-01-02 00:00:00,2026,1,Q1 2026,1,January,Jan,2026-01,1,2,5,Friday,Fri,false
2026-01-03 00:00:00,2026,1,Q1 2026,1,January,Jan,2026-01,1,3,6,Saturday,Sat,true
2026-01-04 00:00:00,2026,1,Q1 2026,1,January,Jan,2026-01,1,4,0,Sunday,Sun,true
2026-01-05 00:00:00,2026,1,Q1 2026,1,January,Jan,2026-01,2,5,1,Monday,Mon,false
2026-01-06 00:00:00,2026,1,Q1 2026,1,January,Jan,2026-01,2,6,2,Tuesday,Tue,false
2026-01-07 00:00:00,2026,1,Q1 2026,1,January,Jan,2026-01,2,7,3,Wednesday,Wed,false
2026-01-08 00:00:00,2026,1,Q1 2026,1,January,Jan,2026-01,2,8,4,Thursday,Thu,false
2026-01-09 00:00:00,2026,1,Q1 2026,1,January,Jan,2026-01,2,9,5,Friday,Fri,false
2026-01-10 00:00:00,2026,1,Q1 2026,1,January,Jan,2026-01,2,10,6,Saturday,Sat,true
2026-01-11 00:00:00,2026,1,Q1 2026,1,January,Jan,2026-01,2,11,0,Sunday,Sun,true
2026-01-12 00:00:00,2026,1,Q1 2026,1,January,Jan,2026-01,3,12,1,Monday,Mon,false
2026-01-13 00:00:00,2026,1,Q1 2026,1,January,Jan,2026-01,3,13,2,Tuesday,Tue,false
2026-01-14 00:00:00,2026,1,Q1 2026,1,January,Jan,2026-01,3,14,3,Wednesday,Wed,false
2026-01-15 00:00:00,2026,1,Q1 2026,1,January,Jan,2026-01,3,15,4,Thursday,Thu,false
2026-01-16 00:00:00,2026,1,Q1 2026,1,January,Jan,2026-01,3,16,5,Friday,Fri,false
2026-01-17 00:00:00,2026,1,Q1 2026,1,January,Jan,2026-01,3,17,6,Saturday,Sat,true
2026-01-18 00:00:00,2026,1,Q1 2026,1,January,Jan,2026-01,3,18,0,Sunday,Sun,true
2026-01-19 00:00:00,2026,1,Q1 2026,1,January,Jan,2026-01,4,19,1,Monday,Mon,false
2026-01-20 00:00:00,2026,1,Q1 2026,1,January,Jan,2026-01,4,20,2,Tuesday,Tue,false
2026-01-21 00:00:00,2026,1,Q1 2026,1,January,Jan,2026-01,4,21,3,Wednesday,Wed,false
2026-01-22 00:00:00,2026,1,Q1 2026,1,January,Jan,2026-01,4,22,4,Thursday,Thu,false
2026-01-23 00:00:00,2026,1,Q1 2026,1,January,Jan,2026-01,4,23,5,Friday,Fri,false
2026-01-24 00:00:00,2026,1,Q1 2026,1,January,Jan,2026-01,4,24,6,Saturday,Sat,true
2026-01-25 00:00:00,2026,1,Q1 2026,1,January,Jan,2026-01,4,25,0,Sunday,Sun,true
2026-01-26 00:00:00,2026,1,Q1 2026,1,January,Jan,2026-01,5,26,1,Monday,Mon,false
2026-01-27 00:00:00,2026,1,Q1 2026,1,January,Jan,2026-01,5,27,2,Tuesday,Tue,false
2026-01-28 00:00:00,2026,1,Q1 2026,1,January,Jan,2026-01,5,28,3,Wednesday,Wed,false
2026-01-29 00:00:00,2026,1,Q1 2026,1,January,Jan,2026-01,5,29,4,Thursday,Thu,false
2026-01-30 00:00:00,2026,1,Q1 2026,1,January,Jan,2026-01,5,30,5,Friday,Fri,false
2026-01-31 00:00:00,2026,1,Q1 2026,1,January,Jan,2026-01,5,31,6,Saturday,Sat,true
2026-02-01 00:00:00,2026,1,Q1 2026,2,February,Feb,2026-02,5,1,0,Sunday,Sun,true
2026-02-02 00:00:00,2026,1,Q1 2026,2,February,Feb,2026-02,6,2,1,Monday,Mon,false
2026-02-03 00:00:00,2026,1,Q1 2026,2,February,Feb,2026-02,6,3,2,Tuesday,Tue,false
2026-02-04 00:00:00,2026,1,Q1 2026,2,February,Feb,2026-02,6,4,3,Wednesday,Wed,false
2026-02-05 00:00:00,2026,1,Q1 2026,2,February,Feb,2026-02,6,5,4,Thursday,Thu,false
2026-02-06 00:00:00,2026,1,Q1 2026,2,February,Feb,2026-02,6,6,5,Friday,Fri,false
2026-02-07 00:00:00,2026,1,Q1 2026,2,February,Feb,2026-02,6,7,6,Saturday,Sat,true
2026-02-08 00:00:00,2026,1,Q1 2026,2,February,Feb,2026-02,6,8,0,Sunday,Sun,true
2026-02-09 00:00:00,2026,1,Q1 2026,2,February,Feb,2026-02,7,9,1,Monday,Mon,false
2026-02-10 00:00:00,2026,1,Q1 2026,2,February,Feb,2026-02,7,10,2,Tuesday,Tue,false
2026-02-11 00:00:00,2026,1,Q1 2026,2,February,Feb,2026-02,7,11,3,Wednesday,Wed,false
2026-02-12 00:00:00,2026,1,Q1 2026,2,February,Feb,2026-02,7,12,4,Thursday,Thu,false
2026-02-13 00:00:00,2026,1,Q1 2026,2,February,Feb,2026-02,7,13,5,Friday,Fri,false
2026-02-14 00:00:00,2026,1,Q1 2026,2,February,Feb,2026-02,7,14,6,Saturday,Sat,true
2026-02-15 00:00:00,2026,1,Q1 2026,2,February,Feb,2026-02,7,15,0,Sunday,Sun,true
2026-02-16 00:00:00,2026,1,Q1 2026,2,February,Feb,2026-02,8,16,1,Monday,Mon,false
2026-02-17 00:00:00,2026,1,Q1 2026,2,February,Feb,2026-02,8,17,2,Tuesday,Tue,false
2026-02-18 00:00:00,2026,1,Q1 2026,2,February,Feb,2026-02,8,18,3,Wednesday,Wed,false
2026-02-19 00:00:00,2026,1,Q1 2026,2,February,Feb,2026-02,8,19,4,Thursday,Thu,false
2026-02-20 00:00:00,2026,1,Q1 2026,2,February,Feb,2026-02,8,20,5,Friday,Fri,false
2026-02-21 00:00:00,2026,1,Q1 2026,2,February,Feb,2026-02,8,21,6,Saturday,Sat,true
2026-02-22 00:00:00,2026,1,Q1 2026,2,February,Feb,2026-02,8,22,0,Sunday,Sun,true
2026-02-23 00:00:00,2026,1,Q1 2026,2,February,Feb,2026-02,9,23,1,Monday,Mon,false
2026-02-24 00:00:00,2026,1,Q1 2026,2,February,Feb,2026-02,9,24,2,Tuesday,Tue,false
2026-02-25 00:00:00,2026,1,Q1 2026,2,February,Feb,2026-02,9,25,3,Wednesday,Wed,false
2026-02-26 00:00:00,2026,1,Q1 2026,2,February,Feb,2026-02,9,26,4,Thursday,Thu,false
2026-02-27 00:00:00,2026,1,Q1 2026,2,February,Feb,2026-02,9,27,5,Friday,Fri,false
2026-02-28 00:00:00,2026,1,Q1 2026,2,February,Feb,2026-02,9,28,6,Saturday,Sat,true
2026-03-01 00:00:00,2026,1,Q1 2026,3,March,Mar,2026-03,9,1,0,Sunday,Sun,true
2026-03-02 00:00:00,2026,1,Q1 2026,3,March,Mar,2026-03,10,2,1,Monday,Mon,false
2026-03-03 00:00:00,2026,1,Q1 2026,3,March,Mar,2026-03,10,3,2,Tuesday,Tue,false
2026-03-04 00:00:00,2026,1,Q1 2026,3,March,Mar,2026-03,10,4,3,Wednesday,Wed,false
2026-03-05 00:00:00,2026,1,Q1 2026,3,March,Mar,2026-03,10,5,4,Thursday,Thu,false
2026-03-06 00:00:00,2026,1,Q1 2026,3,March,Mar,2026-03,10,6,5,Friday,Fri,false
2026-03-07 00:00:00,2026,1,Q1 2026,3,March,Mar,2026-03,10,7,6,Saturday,Sat,true
2026-03-08 00:00:00,2026,1,Q1 2026,3,March,Mar,2026-03,10,8,0,Sunday,Sun,true
2026-03-09 00:00:00,2026,1,Q1 2026,3,March,Mar,2026-03,11,9,1,Monday,Mon,false
2026-03-10 00:00:00,2026,1,Q1 2026,3,March,Mar,2026-03,11,10,2,Tuesday,Tue,false
2026-03-11 00:00:00,2026,1,Q1 2026,3,March,Mar,2026-03,11,11,3,Wednesday,Wed,false
2026-03-12 00:00:00,2026,1,Q1 2026,3,March,Mar,2026-03,11,12,4,Thursday,Thu,false
2026-03-13 00:00:00,2026,1,Q1 2026,3,March,Mar,2026-03,11,13,5,Friday,Fri,false
2026-03-14 00:00:00,2026,1,Q1 2026,3,March,Mar,2026-03,11,14,6,Saturday,Sat,true
2026-03-15 00:00:00,2026,1,Q1 2026,3,March,Mar,2026-03,11,15,0,Sunday,Sun,true
2026-03-16 00:00:00,2026,1,Q1 2026,3,March,Mar,2026-03,12,16,1,Monday,Mon,false
2026-03-17 00:00:00,2026,1,Q1 2026,3,March,Mar,2026-03,12,17,2,Tuesday,Tue,false
2026-03-18 00:00:00,2026,1,Q1 2026,3,March,Mar,2026-03,12,18,3,Wednesday,Wed,false
2026-03-19 00:00:00,2026,1,Q1 2026,3,March,Mar,2026-03,12,19,4,Thursday,Thu,false
2026-03-20 00:00:00,2026,1,Q1 2026,3,March,Mar,2026-03,12,20,5,Friday,Fri,false
2026-03-21 00:00:00,2026,1,Q1 2026,3,March,Mar,2026-03,12,21,6,Saturday,Sat,true
2026-03-22 00:00:00,2026,1,Q1 2026,3,March,Mar,2026-03,12,22,0,Sunday,Sun,true
2026-03-23 00:00:00,2026,1,Q1 2026,3,March,Mar,2026-03,13,23,1,Monday,Mon,false
2026-03-24 00:00:00,2026,1,Q1 2026,3,March,Mar,2026-03,13,24,2,Tuesday,Tue,false
2026-03-25 00:00:00,2026,1,Q1 2026,3,March,Mar,2026-03,13,25,3,Wednesday,Wed,false
2026-03-26 00:00:00,2026,1,Q1 2026,3,March,Mar,2026-03,13,26,4,Thursday,Thu,false
2026-03-27 00:00:00,2026,1,Q1 2026,3,March,Mar,2026-03,13,27,5,Friday,Fri,false
2026-03-28 00:00:00,2026,1,Q1 2026,3,March,Mar,2026-03,13,28,6,Saturday,Sat,true
2026-03-29 00:00:00,2026,1,Q1 2026,3,March,Mar,2026-03,13,29,0,Sunday,Sun,true
2026-03-30 00:00:00,2026,1,Q1 2026,3,March,Mar,2026-03,14,30,1,Monday,Mon,false
2026-03-31 00:00:00,2026,1,Q1 2026,3,March,Mar,2026-03,14,31,2,Tuesday,Tue,false
2026-04-01 00:00:00,2026,2,Q2 2026,4,April,Apr,2026-04,14,1,3,Wednesday,Wed,false
2026-04-02 00:00:00,2026,2,Q2 2026,4,April,Apr,2026-04,14,2,4,Thursday,Thu,false
2026-04-03 00:00:00,2026,2,Q2 2026,4,April,Apr,2026-04,14,3,5,Friday,Fri,false
2026-04-04 00:00:00,2026,2,Q2 2026,4,April,Apr,2026-04,14,4,6,Saturday,Sat,true
2026-04-05 00:00:00,2026,2,Q2 2026,4,April,Apr,2026-04,14,5,0,Sunday,Sun,true
2026-04-06 00:00:00,2026,2,Q2 2026,4,April,Apr,2026-04,15,6,1,Monday,Mon,false
2026-04-07 00:00:00,2026,2,Q2 2026,4,April,Apr,2026-04,15,7,2,Tuesday,Tue,false
2026-04-08 00:00:00,2026,2,Q2 2026,4,April,Apr,2026-04,15,8,3,Wednesday,Wed,false
2026-04-09 00:00:00,2026,2,Q2 2026,4,April,Apr,2026-04,15,9,4,Thursday,Thu,false
2026-04-10 00:00:00,2026,2,Q2 2026,4,April,Apr,2026-04,15,10,5,Friday,Fri,false
2026-04-11 00:00:00,2026,2,Q2 2026,4,April,Apr,2026-04,15,11,6,Saturday,Sat,true
2026-04-12 00:00:00,2026,2,Q2 2026,4,April,Apr,2026-04,15,12,0,Sunday,Sun,true
2026-04-13 00:00:00,2026,2,Q2 2026,4,April,Apr,2026-04,16,13,1,Monday,Mon,false
2026-04-14 00:00:00,2026,2,Q2 2026,4,April,Apr,2026-04,16,14,2,Tuesday,Tue,false
2026-04-15 00:00:00,2026,2,Q2 2026,4,April,Apr,2026-04,16,15,3,Wednesday,Wed,false
2026-04-16 00:00:00,2026,2,Q2 2026,4,April,Apr,2026-04,16,16,4,Thursday,Thu,false
2026-04-17 00:00:00,2026,2,Q2 2026,4,April,Apr,2026-04,16,17,5,Friday,Fri,false
2026-04-18 00:00:00,2026,2,Q2 2026,4,April,Apr,2026-04,16,18,6,Saturday,Sat,true
2026-04-19 00:00:00,2026,2,Q2 2026,4,April,Apr,2026-04,16,19,0,Sunday,Sun,true
2026-04-20 00:00:00,2026,2,Q2 2026,4,April,Apr,2026-04,17,20,1,Monday,Mon,false
2026-04-21 00:00:00,2026,2,Q2 2026,4,April,Apr,2026-04,17,21,2,Tuesday,Tue,false
2026-04-22 00:00:00,2026,2,Q2 2026,4,April,Apr,2026-04,17,22,3,Wednesday,Wed,false
2026-04-23 00:00:00,2026,2,Q2 2026,4,April,Apr,2026-04,17,23,4,Thursday,Thu,false
2026-04-24 00:00:00,2026,2,Q2 2026,4,April,Apr,2026-04,17,24,5,Friday,Fri,false
2026-04-25 00:00:00,2026,2,Q2 2026,4,April,Apr,2026-04,17,25,6,Saturday,Sat,true
2026-04-26 00:00:00,2026,2,Q2 2026,4,April,Apr,2026-04,17,26,0,Sunday,Sun,true
2026-04-27 00:00:00,2026,2,Q2 2026,4,April,Apr,2026-04,18,27,1,Monday,Mon,false
2026-04-28 00:00:00,2026,2,Q2 2026,4,April,Apr,2026-04,18,28,2,Tuesday,Tue,false
2026-04-29 00:00:00,2026,2,Q2 2026,4,April,Apr,2026-04,18,29,3,Wednesday,Wed,false
2026-04-30 00:00:00,2026,2,Q2 2026,4,April,Apr,2026-04,18,30,4,Thursday,Thu,false
2026-05-01 00:00:00,2026,2,Q2 2026,5,May,May,2026-05,18,1,5,Friday,Fri,false
2026-05-02 00:00:00,2026,2,Q2 2026,5,May,May,2026-05,18,2,6,Saturday,Sat,true
2026-05-03 00:00:00,2026,2,Q2 2026,5,May,May,2026-05,18,3,0,Sunday,Sun,true
2026-05-04 00:00:00,2026,2,Q2 2026,5,May,May,2026-05,19,4,1,Monday,Mon,false
2026-05-05 00:00:00,2026,2,Q2 2026,5,May,May,2026-05,19,5,2,Tuesday,Tue,false
2026-05-06 00:00:00,2026,2,Q2 2026,5,May,May,2026-05,19,6,3,Wednesday,Wed,false
2026-05-07 00:00:00,2026,2,Q2 2026,5,May,May,2026-05,19,7,4,Thursday,Thu,false
2026-05-08 00:00:00,2026,2,Q2 2026,5,May,May,2026-05,19,8,5,Friday,Fri,false
2026-05-09 00:00:00,2026,2,Q2 2026,5,May,May,2026-05,19,9,6,Saturday,Sat,true
2026-05-10 00:00:00,2026,2,Q2 2026,5,May,May,2026-05,19,10,0,Sunday,Sun,true
2026-05-11 00:00:00,2026,2,Q2 2026,5,May,May,2026-05,20,11,1,Monday,Mon,false
2026-05-12 00:00:00,2026,2,Q2 2026,5,May,May,2026-05,20,12,2,Tuesday,Tue,false
2026-05-13 00:00:00,2026,2,Q2 2026,5,May,May,2026-05,20,13,3,Wednesday,Wed,false
2026-05-14 00:00:00,2026,2,Q2 2026,5,May,May,2026-05,20,14,4,Thursday,Thu,false
2026-05-15 00:00:00,2026,2,Q2 2026,5,May,May,2026-05,20,15,5,Friday,Fri,false
2026-05-16 00:00:00,2026,2,Q2 2026,5,May,May,2026-05,20,16,6,Saturday,Sat,true
2026-05-17 00:00:00,2026,2,Q2 2026,5,May,May,2026-05,20,17,0,Sunday,Sun,true
2026-05-18 00:00:00,2026,2,Q2 2026,5,May,May,2026-05,21,18,1,Monday,Mon,false
2026-05-19 00:00:00,2026,2,Q2 2026,5,May,May,2026-05,21,19,2,Tuesday,Tue,false
2026-05-20 00:00:00,2026,2,Q2 2026,5,May,May,2026-05,21,20,3,Wednesday,Wed,false
2026-05-21 00:00:00,2026,2,Q2 2026,5,May,May,2026-05,21,21,4,Thursday,Thu,false
2026-05-22 00:00:00,2026,2,Q2 2026,5,May,May,2026-05,21,22,5,Friday,Fri,false
2026-05-23 00:00:00,2026,2,Q2 2026,5,May,May,2026-05,21,23,6,Saturday,Sat,true
2026-05-24 00:00:00,2026,2,Q2 2026,5,May,May,2026-05,21,24,0,Sunday,Sun,true
2026-05-25 00:00:00,2026,2,Q2 2026,5,May,May,2026-05,22,25,1,Monday,Mon,false
2026-05-26 00:00:00,2026,2,Q2 2026,5,May,May,2026-05,22,26,2,Tuesday,Tue,false
2026-05-27 00:00:00,2026,2,Q2 2026,5,May,May,2026-05,22,27,3,Wednesday,Wed,false
2026-05-28 00:00:00,2026,2,Q2 2026,5,May,May,2026-05,22,28,4,Thursday,Thu,false
2026-05-29 00:00:00,2026,2,Q2 2026,5,May,May,2026-05,22,29,5,Friday,Fri,false
2026-05-30 00:00:00,2026,2,Q2 2026,5,May,May,2026-05,22,30,6,Saturday,Sat,true
2026-05-31 00:00:00,2026,2,Q2 2026,5,May,May,2026-05,22,31,0,Sunday,Sun,true
2026-06-01 00:00:00,2026,2,Q2 2026,6,June,Jun,2026-06,23,1,1,Monday,Mon,false
2026-06-02 00:00:00,2026,2,Q2 2026,6,June,Jun,2026-06,23,2,2,Tuesday,Tue,false
2026-06-03 00:00:00,2026,2,Q2 2026,6,June,Jun,2026-06,23,3,3,Wednesday,Wed,false
2026-06-04 00:00:00,2026,2,Q2 2026,6,June,Jun,2026-06,23,4,4,Thursday,Thu,false
2026-06-05 00:00:00,2026,2,Q2 2026,6,June,Jun,2026-06,23,5,5,Friday,Fri,false
2026-06-06 00:00:00,2026,2,Q2 2026,6,June,Jun,2026-06,23,6,6,Saturday,Sat,true
2026-06-07 00:00:00,2026,2,Q2 2026,6,June,Jun,2026-06,23,7,0,Sunday,Sun,true
2026-06-08 00:00:00,2026,2,Q2 2026,6,June,Jun,2026-06,24,8,1,Monday,Mon,false
2026-06-09 00:00:00,2026,2,Q2 2026,6,June,Jun,2026-06,24,9,2,Tuesday,Tue,false
2026-06-10 00:00:00,2026,2,Q2 2026,6,June,Jun,2026-06,24,10,3,Wednesday,Wed,false
2026-06-11 00:00:00,2026,2,Q2 2026,6,June,Jun,2026-06,24,11,4,Thursday,Thu,false
2026-06-12 00:00:00,2026,2,Q2 2026,6,June,Jun,2026-06,24,12,5,Friday,Fri,false
2026-06-13 00:00:00,2026,2,Q2 2026,6,June,Jun,2026-06,24,13,6,Saturday,Sat,true
2026-06-14 00:00:00,2026,2,Q2 2026,6,June,Jun,2026-06,24,14,0,Sunday,Sun,true
2026-06-15 00:00:00,2026,2,Q2 2026,6,June,Jun,2026-06,25,15,1,Monday,Mon,false
2026-06-16 00:00:00,2026,2,Q2 2026,6,June,Jun,2026-06,25,16,2,Tuesday,Tue,false
2026-06-17 00:00:00,2026,2,Q2 2026,6,June,Jun,2026-06,25,17,3,Wednesday,Wed,false
2026-06-18 00:00:00,2026,2,Q2 2026,6,June,Jun,2026-06,25,18,4,Thursday,Thu,false
2026-06-19 00:00:00,2026,2,Q2 2026,6,June,Jun,2026-06,25,19,5,Friday,Fri,false
2026-06-20 00:00:00,2026,2,Q2 2026,6,June,Jun,2026-06,25,20,6,Saturday,Sat,true
2026-06-21 00:00:00,2026,2,Q2 2026,6,June,Jun,2026-06,25,21,0,Sunday,Sun,true
2026-06-22 00:00:00,2026,2,Q2 2026,6,June,Jun,2026-06,26,22,1,Monday,Mon,false
2026-06-23 00:00:00,2026,2,Q2 2026,6,June,Jun,2026-06,26,23,2,Tuesday,Tue,false
2026-06-24 00:00:00,2026,2,Q2 2026,6,June,Jun,2026-06,26,24,3,Wednesday,Wed,false
2026-06-25 00:00:00,2026,2,Q2 2026,6,June,Jun,2026-06,26,25,4,Thursday,Thu,false
2026-06-26 00:00:00,2026,2,Q2 2026,6,June,Jun,2026-06,26,26,5,Friday,Fri,false
2026-06-27 00:00:00,2026,2,Q2 2026,6,June,Jun,2026-06,26,27,6,Saturday,Sat,true
2026-06-28 00:00:00,2026,2,Q2 2026,6,June,Jun,2026-06,26,28,0,Sunday,Sun,true
2026-06-29 00:00:00,2026,2,Q2 2026,6,June,Jun,2026-06,27,29,1,Monday,Mon,false
2026-06-30 00:00:00,2026,2,Q2 2026,6,June,Jun,2026-06,27,30,2,Tuesday,Tue,false
2026-07-01 00:00:00,2026,3,Q3 2026,7,July,Jul,2026-07,27,1,3,Wednesday,Wed,false
2026-07-02 00:00:00,2026,3,Q3 2026,7,July,Jul,2026-07,27,2,4,Thursday,Thu,false
2026-07-03 00:00:00,2026,3,Q3 2026,7,July,Jul,2026-07,27,3,5,Friday,Fri,false
2026-07-04 00:00:00,2026,3,Q3 2026,7,July,Jul,2026-07,27,4,6,Saturday,Sat,true
2026-07-05 00:00:00,2026,3,Q3 2026,7,July,Jul,2026-07,27,5,0,Sunday,Sun,true
2026-07-06 00:00:00,2026,3,Q3 2026,7,July,Jul,2026-07,28,6,1,Monday,Mon,false
2026-07-07 00:00:00,2026,3,Q3 2026,7,July,Jul,2026-07,28,7,2,Tuesday,Tue,false
2026-07-08 00:00:00,2026,3,Q3 2026,7,July,Jul,2026-07,28,8,3,Wednesday,Wed,false
2026-07-09 00:00:00,2026,3,Q3 2026,7,July,Jul,2026-07,28,9,4,Thursday,Thu,false
2026-07-10 00:00:00,2026,3,Q3 2026,7,July,Jul,2026-07,28,10,5,Friday,Fri,false
2026-07-11 00:00:00,2026,3,Q3 2026,7,July,Jul,2026-07,28,11,6,Saturday,Sat,true
2026-07-12 00:00:00,2026,3,Q3 2026,7,July,Jul,2026-07,28,12,0,Sunday,Sun,true
2026-07-13 00:00:00,2026,3,Q3 2026,7,July,Jul,2026-07,29,13,1,Monday,Mon,false
2026-07-14 00:00:00,2026,3,Q3 2026,7,July,Jul,2026-07,29,14,2,Tuesday,Tue,false
2026-07-15 00:00:00,2026,3,Q3 2026,7,July,Jul,2026-07,29,15,3,Wednesday,Wed,false
2026-07-16 00:00:00,2026,3,Q3 2026,7,July,Jul,2026-07,29,16,4,Thursday,Thu,false
2026-07-17 00:00:00,2026,3,Q3 2026,7,July,Jul,2026-07,29,17,5,Friday,Fri,false
2026-07-18 00:00:00,2026,3,Q3 2026,7,July,Jul,2026-07,29,18,6,Saturday,Sat,true
2026-07-19 00:00:00,2026,3,Q3 2026,7,July,Jul,2026-07,29,19,0,Sunday,Sun,true
2026-07-20 00:00:00,2026,3,Q3 2026,7,July,Jul,2026-07,30,20,1,Monday,Mon,false
2026-07-21 00:00:00,2026,3,Q3 2026,7,July,Jul,2026-07,30,21,2,Tuesday,Tue,false
2026-07-22 00:00:00,2026,3,Q3 2026,7,July,Jul,2026-07,30,22,3,Wednesday,Wed,false
2026-07-23 00:00:00,2026,3,Q3 2026,7,July,Jul,2026-07,30,23,4,Thursday,Thu,false
2026-07-24 00:00:00,2026,3,Q3 2026,7,July,Jul,2026-07,30,24,5,Friday,Fri,false
2026-07-25 00:00:00,2026,3,Q3 2026,7,July,Jul,2026-07,30,25,6,Saturday,Sat,true
2026-07-26 00:00:00,2026,3,Q3 2026,7,July,Jul,2026-07,30,26,0,Sunday,Sun,true
2026-07-27 00:00:00,2026,3,Q3 2026,7,July,Jul,2026-07,31,27,1,Monday,Mon,false
2026-07-28 00:00:00,2026,3,Q3 2026,7,July,Jul,2026-07,31,28,2,Tuesday,Tue,false
2026-07-29 00:00:00,2026,3,Q3 2026,7,July,Jul,2026-07,31,29,3,Wednesday,Wed,false
2026-07-30 00:00:00,2026,3,Q3 2026,7,July,Jul,2026-07,31,30,4,Thursday,Thu,false
2026-07-31 00:00:00,2026,3,Q3 2026,7,July,Jul,2026-07,31,31,5,Friday,Fri,false
2026-08-01 00:00:00,2026,3,Q3 2026,8,August,Aug,2026-08,31,1,6,Saturday,Sat,true
2026-08-02 00:00:00,2026,3,Q3 2026,8,August,Aug,2026-08,31,2,0,Sunday,Sun,true
2026-08-03 00:00:00,2026,3,Q3 2026,8,August,Aug,2026-08,32,3,1,Monday,Mon,false
2026-08-04 00:00:00,2026,3,Q3 2026,8,August,Aug,2026-08,32,4,2,Tuesday,Tue,false
2026-08-05 00:00:00,2026,3,Q3 2026,8,August,Aug,2026-08,32,5,3,Wednesday,Wed,false
2026-08-06 00:00:00,2026,3,Q3 2026,8,August,Aug,2026-08,32,6,4,Thursday,Thu,false
2026-08-07 00:00:00,2026,3,Q3 2026,8,August,Aug,2026-08,32,7,5,Friday,Fri,false
2026-08-08 00:00:00,2026,3,Q3 2026,8,August,Aug,2026-08,32,8,6,Saturday,Sat,true
2026-08-09 00:00:00,2026,3,Q3 2026,8,August,Aug,2026-08,32,9,0,Sunday,Sun,true
2026-08-10 00:00:00,2026,3,Q3 2026,8,August,Aug,2026-08,33,10,1,Monday,Mon,false
2026-08-11 00:00:00,2026,3,Q3 2026,8,August,Aug,2026-08,33,11,2,Tuesday,Tue,false
2026-08-12 00:00:00,2026,3,Q3 2026,8,August,Aug,2026-08,33,12,3,Wednesday,Wed,false
2026-08-13 00:00:00,2026,3,Q3 2026,8,August,Aug,2026-08,33,13,4,Thursday,Thu,false
2026-08-14 00:00:00,2026,3,Q3 2026,8,August,Aug,2026-08,33,14,5,Friday,Fri,false
2026-08-15 00:00:00,2026,3,Q3 2026,8,August,Aug,2026-08,33,15,6,Saturday,Sat,true
2026-08-16 00:00:00,2026,3,Q3 2026,8,August,Aug,2026-08,33,16,0,Sunday,Sun,true
2026-08-17 00:00:00,2026,3,Q3 2026,8,August,Aug,2026-08,34,17,1,Monday,Mon,false
2026-08-18 00:00:00,2026,3,Q3 2026,8,August,Aug,2026-08,34,18,2,Tuesday,Tue,false
2026-08-19 00:00:00,2026,3,Q3 2026,8,August,Aug,2026-08,34,19,3,Wednesday,Wed,false
2026-08-20 00:00:00,2026,3,Q3 2026,8,August,Aug,2026-08,34,20,4,Thursday,Thu,false
2026-08-21 00:00:00,2026,3,Q3 2026,8,August,Aug,2026-08,34,21,5,Friday,Fri,false
2026-08-22 00:00:00,2026,3,Q3 2026,8,August,Aug,2026-08,34,22,6,Saturday,Sat,true
2026-08-23 00:00:00,2026,3,Q3 2026,8,August,Aug,2026-08,34,23,0,Sunday,Sun,true
2026-08-24 00:00:00,2026,3,Q3 2026,8,August,Aug,2026-08,35,24,1,Monday,Mon,false
2026-08-25 00:00:00,2026,3,Q3 2026,8,August,Aug,2026-08,35,25,2,Tuesday,Tue,false
2026-08-26 00:00:00,2026,3,Q3 2026,8,August,Aug,2026-08,35,26,3,Wednesday,Wed,false
2026-08-27 00:00:00,2026,3,Q3 2026,8,August,Aug,2026-08,35,27,4,Thursday,Thu,false
2026-08-28 00:00:00,2026,3,Q3 2026,8,August,Aug,2026-08,35,28,5,Friday,Fri,false
2026-08-29 00:00:00,2026,3,Q3 2026,8,August,Aug,2026-08,35,29,6,Saturday,Sat,true
2026-08-30 00:00:00,2026,3,Q3 2026,8,August,Aug,2026-08,35,30,0,Sunday,Sun,true
2026-08-31 00:00:00,2026,3,Q3 2026,8,August,Aug,2026-08,36,31,1,Monday,Mon,false
2026-09-01 00:00:00,2026,3,Q3 2026,9,September,Sep,2026-09,36,1,2,Tuesday,Tue,false
2026-09-02 00:00:00,2026,3,Q3 2026,9,September,Sep,2026-09,36,2,3,Wednesday,Wed,false
2026-09-03 00:00:00,2026,3,Q3 2026,9,September,Sep,2026-09,36,3,4,Thursday,Thu,false
2026-09-04 00:00:00,2026,3,Q3 2026,9,September,Sep,2026-09,36,4,5,Friday,Fri,false
2026-09-05 00:00:00,2026,3,Q3 2026,9,September,Sep,2026-09,36,5,6,Saturday,Sat,true
2026-09-06 00:00:00,2026,3,Q3 2026,9,September,Sep,2026-09,36,6,0,Sunday,Sun,true
2026-09-07 00:00:00,2026,3,Q3 2026,9,September,Sep,2026-09,37,7,1,Monday,Mon,false
2026-09-08 00:00:00,2026,3,Q3 2026,9,September,Sep,2026-09,37,8,2,Tuesday,Tue,false
2026-09-09 00:00:00,2026,3,Q3 2026,9,September,Sep,2026-09,37,9,3,Wednesday,Wed,false
2026-09-10 00:00:00,2026,3,Q3 2026,9,September,Sep,2026-09,37,10,4,Thursday,Thu,false
2026-09-11 00:00:00,2026,3,Q3 2026,9,September,Sep,2026-09,37,11,5,Friday,Fri,false
2026-09-12 00:00:00,2026,3,Q3 2026,9,September,Sep,2026-09,37,12,6,Saturday,Sat,true
2026-09-13 00:00:00,2026,3,Q3 2026,9,September,Sep,2026-09,37,13,0,Sunday,Sun,true
2026-09-14 00:00:00,2026,3,Q3 2026,9,September,Sep,2026-09,38,14,1,Monday,Mon,false
2026-09-15 00:00:00,2026,3,Q3 2026,9,September,Sep,2026-09,38,15,2,Tuesday,Tue,false
2026-09-16 00:00:00,2026,3,Q3 2026,9,September,Sep,2026-09,38,16,3,Wednesday,Wed,false
2026-09-17 00:00:00,2026,3,Q3 2026,9,September,Sep,2026-09,38,17,4,Thursday,Thu,false
2026-09-18 00:00:00,2026,3,Q3 2026,9,September,Sep,2026-09,38,18,5,Friday,Fri,false
2026-09-19 00:00:00,2026,3,Q3 2026,9,September,Sep,2026-09,38,19,6,Saturday,Sat,true
2026-09-20 00:00:00,2026,3,Q3 2026,9,September,Sep,2026-09,38,20,0,Sunday,Sun,true
2026-09-21 00:00:00,2026,3,Q3 2026,9,September,Sep,2026-09,39,21,1,Monday,Mon,false
2026-09-22 00:00:00,2026,3,Q3 2026,9,September,Sep,2026-09,39,22,2,Tuesday,Tue,false
2026-09-23 00:00:00,2026,3,Q3 2026,9,September,Sep,2026-09,39,23,3,Wednesday,Wed,false
2026-09-24 00:00:00,2026,3,Q3 2026,9,September,Sep,2026-09,39,24,4,Thursday,Thu,false
2026-09-25 00:00:00,2026,3,Q3 2026,9,September,Sep,2026-09,39,25,5,Friday,Fri,false
2026-09-26 00:00:00,2026,3,Q3 2026,9,September,Sep,2026-09,39,26,6,Saturday,Sat,true
2026-09-27 00:00:00,2026,3,Q3 2026,9,September,Sep,2026-09,39,27,0,Sunday,Sun,true
2026-09-28 00:00:00,2026,3,Q3 2026,9,September,Sep,2026-09,40,28,1,Monday,Mon,false
2026-09-29 00:00:00,2026,3,Q3 2026,9,September,Sep,2026-09,40,29,2,Tuesday,Tue,false
2026-09-30 00:00:00,2026,3,Q3 2026,9,September,Sep,2026-09,40,30,3,Wednesday,Wed,false
2026-10-01 00:00:00,2026,4,Q4 2026,10,October,Oct,2026-10,40,1,4,Thursday,Thu,false
2026-10-02 00:00:00,2026,4,Q4 2026,10,October,Oct,2026-10,40,2,5,Friday,Fri,false
2026-10-03 00:00:00,2026,4,Q4 2026,10,October,Oct,2026-10,40,3,6,Saturday,Sat,true
2026-10-04 00:00:00,2026,4,Q4 2026,10,October,Oct,2026-10,40,4,0,Sunday,Sun,true
2026-10-05 00:00:00,2026,4,Q4 2026,10,October,Oct,2026-10,41,5,1,Monday,Mon,false
2026-10-06 00:00:00,2026,4,Q4 2026,10,October,Oct,2026-10,41,6,2,Tuesday,Tue,false
2026-10-07 00:00:00,2026,4,Q4 2026,10,October,Oct,2026-10,41,7,3,Wednesday,Wed,false
2026-10-08 00:00:00,2026,4,Q4 2026,10,October,Oct,2026-10,41,8,4,Thursday,Thu,false
2026-10-09 00:00:00,2026,4,Q4 2026,10,October,Oct,2026-10,41,9,5,Friday,Fri,false
2026-10-10 00:00:00,2026,4,Q4 2026,10,October,Oct,2026-10,41,10,6,Saturday,Sat,true
2026-10-11 00:00:00,2026,4,Q4 2026,10,October,Oct,2026-10,41,11,0,Sunday,Sun,true
2026-10-12 00:00:00,2026,4,Q4 2026,10,October,Oct,2026-10,42,12,1,Monday,Mon,false
2026-10-13 00:00:00,2026,4,Q4 2026,10,October,Oct,2026-10,42,13,2,Tuesday,Tue,false
2026-10-14 00:00:00,2026,4,Q4 2026,10,October,Oct,2026-10,42,14,3,Wednesday,Wed,false
2026-10-15 00:00:00,2026,4,Q4 2026,10,October,Oct,2026-10,42,15,4,Thursday,Thu,false
2026-10-16 00:00:00,2026,4,Q4 2026,10,October,Oct,2026-10,42,16,5,Friday,Fri,false
2026-10-17 00:00:00,2026,4,Q4 2026,10,October,Oct,2026-10,42,17,6,Saturday,Sat,true
2026-10-18 00:00:00,2026,4,Q4 2026,10,October,Oct,2026-10,42,18,0,Sunday,Sun,true
2026-10-19 00:00:00,2026,4,Q4 2026,10,October,Oct,2026-10,43,19,1,Monday,Mon,false
2026-10-20 00:00:00,2026,4,Q4 2026,10,October,Oct,2026-10,43,20,2,Tuesday,Tue,false
2026-10-21 00:00:00,2026,4,Q4 2026,10,October,Oct,2026-10,43,21,3,Wednesday,Wed,false
2026-10-22 00:00:00,2026,4,Q4 2026,10,October,Oct,2026-10,43,22,4,Thursday,Thu,false
2026-10-23 00:00:00,2026,4,Q4 2026,10,October,Oct,2026-10,43,23,5,Friday,Fri,false
2026-10-24 00:00:00,2026,4,Q4 2026,10,October,Oct,2026-10,43,24,6,Saturday,Sat,true
2026-10-25 00:00:00,2026,4,Q4 2026,10,October,Oct,2026-10,43,25,0,Sunday,Sun,true
2026-10-26 00:00:00,2026,4,Q4 2026,10,October,Oct,2026-10,44,26,1,Monday,Mon,false
2026-10-27 00:00:00,2026,4,Q4 2026,10,October,Oct,2026-10,44,27,2,Tuesday,Tue,false
2026-10-28 00:00:00,2026,4,Q4 2026,10,October,Oct,2026-10,44,28,3,Wednesday,Wed,false
2026-10-29 00:00:00,2026,4,Q4 2026,10,October,Oct,2026-10,44,29,4,Thursday,Thu,false
2026-10-30 00:00:00,2026,4,Q4 2026,10,October,Oct,2026-10,44,30,5,Friday,Fri,false
2026-10-31 00:00:00,2026,4,Q4 2026,10,October,Oct,2026-10,44,31,6,Saturday,Sat,true
2026-11-01 00:00:00,2026,4,Q4 2026,11,November,Nov,2026-11,44,1,0,Sunday,Sun,true
2026-11-02 00:00:00,2026,4,Q4 2026,11,November,Nov,2026-11,45,2,1,Monday,Mon,false
2026-11-03 00:00:00,2026,4,Q4 2026,11,November,Nov,2026-11,45,3,2,Tuesday,Tue,false
2026-11-04 00:00:00,2026,4,Q4 2026,11,November,Nov,2026-11,45,4,3,Wednesday,Wed,false
2026-11-05 00:00:00,2026,4,Q4 2026,11,November,Nov,2026-11,45,5,4,Thursday,Thu,false
2026-11-06 00:00:00,2026,4,Q4 2026,11,November,Nov,2026-11,45,6,5,Friday,Fri,false
2026-11-07 00:00:00,2026,4,Q4 2026,11,November,Nov,2026-11,45,7,6,Saturday,Sat,true
2026-11-08 00:00:00,2026,4,Q4 2026,11,November,Nov,2026-11,45,8,0,Sunday,Sun,true
2026-11-09 00:00:00,2026,4,Q4 2026,11,November,Nov,2026-11,46,9,1,Monday,Mon,false
2026-11-10 00:00:00,2026,4,Q4 2026,11,November,Nov,2026-11,46,10,2,Tuesday,Tue,false
2026-11-11 00:00:00,2026,4,Q4 2026,11,November,Nov,2026-11,46,11,3,Wednesday,Wed,false
2026-11-12 00:00:00,2026,4,Q4 2026,11,November,Nov,2026-11,46,12,4,Thursday,Thu,false
2026-11-13 00:00:00,2026,4,Q4 2026,11,November,Nov,2026-11,46,13,5,Friday,Fri,false
2026-11-14 00:00:00,2026,4,Q4 2026,11,November,Nov,2026-11,46,14,6,Saturday,Sat,true
2026-11-15 00:00:00,2026,4,Q4 2026,11,November,Nov,2026-11,46,15,0,Sunday,Sun,true
2026-11-16 00:00:00,2026,4,Q4 2026,11,November,Nov,2026-11,47,16,1,Monday,Mon,false
2026-11-17 00:00:00,2026,4,Q4 2026,11,November,Nov,2026-11,47,17,2,Tuesday,Tue,false
2026-11-18 00:00:00,2026,4,Q4 2026,11,November,Nov,2026-11,47,18,3,Wednesday,Wed,false
2026-11-19 00:00:00,2026,4,Q4 2026,11,November,Nov,2026-11,47,19,4,Thursday,Thu,false
2026-11-20 00:00:00,2026,4,Q4 2026,11,November,Nov,2026-11,47,20,5,Friday,Fri,false
2026-11-21 00:00:00,2026,4,Q4 2026,11,November,Nov,2026-11,47,21,6,Saturday,Sat,true
2026-11-22 00:00:00,2026,4,Q4 2026,11,November,Nov,2026-11,47,22,0,Sunday,Sun,true
2026-11-23 00:00:00,2026,4,Q4 2026,11,November,Nov,2026-11,48,23,1,Monday,Mon,false
2026-11-24 00:00:00,2026,4,Q4 2026,11,November,Nov,2026-11,48,24,2,Tuesday,Tue,false
2026-11-25 00:00:00,2026,4,Q4 2026,11,November,Nov,2026-11,48,25,3,Wednesday,Wed,false
2026-11-26 00:00:00,2026,4,Q4 2026,11,November,Nov,2026-11,48,26,4,Thursday,Thu,false
2026-11-27 00:00:00,2026,4,Q4 2026,11,November,Nov,2026-11,48,27,5,Friday,Fri,false
2026-11-28 00:00:00,2026,4,Q4 2026,11,November,Nov,2026-11,48,28,6,Saturday,Sat,true
2026-11-29 00:00:00,2026,4,Q4 2026,11,November,Nov,2026-11,48,29,0,Sunday,Sun,true
2026-11-30 00:00:00,2026,4,Q4 2026,11,November,Nov,2026-11,49,30,1,Monday,Mon,false
2026-12-01 00:00:00,2026,4,Q4 2026,12,December,Dec,2026-12,49,1,2,Tuesday,Tue,false
2026-12-02 00:00:00,2026,4,Q4 2026,12,December,Dec,2026-12,49,2,3,Wednesday,Wed,false
2026-12-03 00:00:00,2026,4,Q4 2026,12,December,Dec,2026-12,49,3,4,Thursday,Thu,false
2026-12-04 00:00:00,2026,4,Q4 2026,12,December,Dec,2026-12,49,4,5,Friday,Fri,false
2026-12-05 00:00:00,2026,4,Q4 2026,12,December,Dec,2026-12,49,5,6,Saturday,Sat,true
2026-12-06 00:00:00,2026,4,Q4 2026,12,December,Dec,2026-12,49,6,0,Sunday,Sun,true
2026-12-07 00:00:00,2026,4,Q4 2026,12,December,Dec,2026-12,50,7,1,Monday,Mon,false
2026-12-08 00:00:00,2026,4,Q4 2026,12,December,Dec,2026-12,50,8,2,Tuesday,Tue,false
2026-12-09 00:00:00,2026,4,Q4 2026,12,December,Dec,2026-12,50,9,3,Wednesday,Wed,false
2026-12-10 00:00:00,2026,4,Q4 2026,12,December,Dec,2026-12,50,10,4,Thursday,Thu,false
2026-12-11 00:00:00,2026,4,Q4 2026,12,December,Dec,2026-12,50,11,5,Friday,Fri,false
2026-12-12 00:00:00,2026,4,Q4 2026,12,December,Dec,2026-12,50,12,6,Saturday,Sat,true
2026-12-13 00:00:00,2026,4,Q4 2026,12,December,Dec,2026-12,50,13,0,Sunday,Sun,true
2026-12-14 00:00:00,2026,4,Q4 2026,12,December,Dec,2026-12,51,14,1,Monday,Mon,false
2026-12-15 00:00:00,2026,4,Q4 2026,12,December,Dec,2026-12,51,15,2,Tuesday,Tue,false
2026-12-16 00:00:00,2026,4,Q4 2026,12,December,Dec,2026-12,51,16,3,Wednesday,Wed,false
2026-12-17 00:00:00,2026,4,Q4 2026,12,December,Dec,2026-12,51,17,4,Thursday,Thu,false
2026-12-18 00:00:00,2026,4,Q4 2026,12,December,Dec,2026-12,51,18,5,Friday,Fri,false
2026-12-19 00:00:00,2026,4,Q4 2026,12,December,Dec,2026-12,51,19,6,Saturday,Sat,true
2026-12-20 00:00:00,2026,4,Q4 2026,12,December,Dec,2026-12,51,20,0,Sunday,Sun,true
2026-12-21 00:00:00,2026,4,Q4 2026,12,December,Dec,2026-12,52,21,1,Monday,Mon,false
2026-12-22 00:00:00,2026,4,Q4 2026,12,December,Dec,2026-12,52,22,2,Tuesday,Tue,false
2026-12-23 00:00:00,2026,4,Q4 2026,12,December,Dec,2026-12,52,23,3,Wednesday,Wed,false
2026-12-24 00:00:00,2026,4,Q4 2026,12,December,Dec,2026-12,52,24,4,Thursday,Thu,false
2026-12-25 00:00:00,2026,4,Q4 2026,12,December,Dec,2026-12,52,25,5,Friday,Fri,false
2026-12-26 00:00:00,2026,4,Q4 2026,12,December,Dec,2026-12,52,26,6,Saturday,Sat,true
2026-12-27 00:00:00,2026,4,Q4 2026,12,December,Dec,2026-12,52,27,0,Sunday,Sun,true
2026-12-28 00:00:00,2026,4,Q4 2026,12,December,Dec,2026-12,53,28,1,Monday,Mon,false
2026-12-29 00:00:00,2026,4,Q4 2026,12,December,Dec,2026-12,53,29,2,Tuesday,Tue,false
2026-12-30 00:00:00,2026,4,Q4 2026,12,December,Dec,2026-12,53,30,3,Wednesday,Wed,false
2026-12-31 00:00:00,2026,4,Q4 2026,12,December,Dec,2026-12,53,31,4,Thursday,Thu,false
